,index,Unnamed: 0,Unnamed: 0.1,Unnamed: 0.1.1,Unnamed: 0.1.1.1
0,CC176SA5627,1,,,
1,CC176SA5628,2,,,
2,CC176SA5629,3,,,
3,CC176SA5630,4,,,
4,CC176SA5633,5,,,
5,CC176SA5634,6,,,
6,CC176SA5636,7,,,
7,CC176SA5637,8,,,
8,CC176SA5639,9,,,
9,CC176SA5640,10,,,
10,CC176SA5642,11,,,
11,CC176SA5643,12,,,
12,CC176SA5644,13,,,
13,CC176SA5645,14,,,
14,CC176SA5646,15,,,
15,CC176SA5647,16,,,
16,CC176SA5648,17,,,
17,CC176SA5650,18,,,
18,CC176SA5653,19,,,
19,CC176SA5654,20,,,
20,CC176SA5655,21,,,
21,CC176SA5656,22,,,
22,CC176SA5657,23,,,
23,CA280SA0001,23,0.0,,
24,CA280SA0002,24,1.0,,
25,CA280SA0003,25,2.0,,
26,CA280SA0004,26,3.0,,
27,CC120SA0001,27,4.0,,
28,CC120SA0004,28,5.0,,
29,CC120SA0005,29,6.0,,
30,CC120SA0006,30,7.0,,
31,CC120SA0007,31,8.0,,
32,CC120SA0008,32,9.0,,
33,CC120SA0009,33,10.0,,
34,CC120SA0010,34,11.0,,
35,CC120SA0011,35,12.0,,
36,CC120SA0012,36,13.0,,
37,CC120SA0013,37,14.0,,
38,CC120SA0014,38,15.0,,
39,CC120SA0016,39,16.0,,
40,CC120SA0017,40,17.0,,
41,CC120SA0019,41,18.0,,
42,CC120SA0020,42,19.0,,
43,CC120SA0021,43,20.0,,
44,CC120SA0022,44,21.0,,
45,CC120SA0023,45,22.0,,
46,CC120SA0024,46,23.0,,
47,CC120SA0025,47,24.0,,
48,CC120SA0026,48,25.0,,
49,CC120SA0027,49,26.0,,
50,CC120SA0028,50,27.0,,
51,CC120SA0030,51,28.0,,
52,CC120SA0032,52,29.0,,
53,CC120SA0033,53,30.0,,
54,CC120SA0034,54,31.0,,
55,CC120SA0035,55,32.0,,
56,CC120SA0036,56,33.0,,
57,CC120SA0037,57,34.0,,
58,CC120SA0038,58,35.0,,
59,CC120SA0040,59,36.0,,
60,CC120SA0042,60,37.0,,
61,CC120SA0043,61,38.0,,
62,CC120SA0044,62,39.0,,
63,CC120SA0045,63,40.0,,
64,CC120SA0048,64,41.0,,
65,CC120SA0050,65,42.0,,
66,CC120SA0051,66,43.0,,
67,CC120SA0052,67,44.0,,
68,CC120SA0056,68,45.0,,
69,CC120SA0057,69,46.0,,
70,CC120SA0058,70,47.0,,
71,CC120SA0060,71,48.0,,
72,CC120SA0061,72,49.0,,
73,CC120SA0062,73,50.0,,
74,CC120SA0063,74,51.0,,
75,CC120SA0064,75,52.0,,
76,CC120SA0065,76,53.0,,
77,CC120SA0066,77,54.0,,
78,CC120SA0068,78,55.0,,
79,CC120SA0069,79,56.0,,
80,CC120SA0071,80,57.0,,
81,CC120SA0072,81,58.0,,
82,CC120SA0073,82,59.0,,
83,CC120SA0074,83,60.0,,
84,CC120SA0075,84,61.0,,
85,CC120SA0076,85,62.0,,
86,CC120SA0077,86,63.0,,
87,CC120SA0078,87,64.0,,
88,CC120SA0080,88,65.0,,
89,CC120SA0081,89,66.0,,
90,CC120SA0082,90,67.0,,
91,CC120SA0084,91,68.0,,
92,CC120SA0087,92,69.0,,
93,CC120SA0088,93,70.0,,
94,CC120SA0090,94,71.0,,
95,CC120SA0091,95,72.0,,
96,CC120SA0092,96,73.0,,
97,CC120SA0093,97,74.0,,
98,CC120SA0094,98,75.0,,
99,CI029SA0234,99,76.0,,
100,CI029SA0235,100,77.0,,
101,CI029SA0236,101,78.0,,
102,CI029SA0237,102,79.0,,
103,CI029SA0238,103,80.0,,
104,CI029SA0239,104,81.0,,
105,CI029SA0240,105,82.0,,
106,CI029SA0241,106,83.0,,
107,CI029SA0242,107,84.0,,
108,CI029SA0243,108,85.0,,
109,CI029SA0244,109,86.0,,
110,CI029SA0246,110,87.0,,
111,CI029SA0247,111,88.0,,
112,CI029SA0248,112,89.0,,
113,CI029SA0251,113,90.0,,
114,CI029SA0254,114,91.0,,
115,CI029SA0255,115,92.0,,
116,CI029SA0260,116,93.0,,
117,CI029SA0261,117,94.0,,
118,CI029SA0263,118,95.0,,
119,CI029SA0264,119,96.0,,
120,CI029SA0265,120,97.0,,
121,CI029SA0266,121,98.0,,
122,CI029SA0268,122,99.0,,
123,CI029SA0271,123,100.0,,
124,CI029SA0272,124,101.0,,
125,CI029SA0274,125,102.0,,
126,CI029SA0275,126,103.0,,
127,CI029SA0277,127,104.0,,
128,CI029SA0279,128,105.0,,
129,CI029SA0281,129,106.0,,
130,CI029SA0283,130,107.0,,
131,CI029SA0285,131,108.0,,
132,CI029SA0287,132,109.0,,
133,CI029SA0288,133,110.0,,
134,CI029SA0289,134,111.0,,
135,CI029SA0290,135,112.0,,
136,CI029SA0291,136,113.0,,
137,CI029SA0292,137,114.0,,
138,CI029SA0293,138,115.0,,
139,CI029SA0294,139,116.0,,
140,CI029SA0295,140,117.0,,
141,CI029SA0296,141,118.0,,
142,CI029SA0297,142,119.0,,
143,CI029SA0299,143,120.0,,
144,CI029SA0300,144,121.0,,
145,CI029SA0301,145,122.0,,
146,CI029SA0304,146,123.0,,
147,CI029SA0305,147,124.0,,
148,CI029SA0306,148,125.0,,
149,CI029SA0307,149,126.0,,
150,CI029SA0308,150,127.0,,
151,CI029SA0309,151,128.0,,
152,CI029SA0310,152,129.0,,
153,CI029SA0311,153,130.0,,
154,CI029SA0312,154,131.0,,
155,CI029SA0313,155,132.0,,
156,CI029SA0314,156,133.0,,
157,CI029SA0315,157,134.0,,
158,CI029SA0316,158,135.0,,
159,CI029SA0317,159,136.0,,
160,CI029SA0320,160,137.0,,
161,CI029SA0321,161,138.0,,
162,CI029SA0322,162,139.0,,
163,CI029SA0323,163,140.0,,
164,CI029SA0324,164,141.0,,
165,CI029SA0326,165,142.0,,
166,CI029SA0327,166,143.0,,
167,CI029SA0331,167,144.0,,
168,CI029SA0332,168,145.0,,
169,CI029SA0333,169,146.0,,
170,CI029SA0334,170,147.0,,
171,CI029SA0335,171,148.0,,
172,CI029SA0336,172,149.0,,
173,CI062SA0001,173,150.0,,
174,CI062SA0002,174,151.0,,
175,CO027SA3252,175,152.0,,
176,CO027SA3253,176,153.0,,
177,CO027SA3254,177,154.0,,
178,CO027SA3256,178,155.0,,
179,CO027SA3258,179,156.0,,
180,CO027SA3259,180,157.0,,
181,CO027SA3260,181,158.0,,
182,CO027SA3261,182,159.0,,
183,CO027SA3262,183,160.0,,
184,CO027SA3263,184,161.0,,
185,CO027SA3264,185,162.0,,
186,CO027SA3265,186,163.0,,
187,CO027SA3267,187,164.0,,
188,CO027SA3268,188,165.0,,
189,CO027SA3269,189,166.0,,
190,CO027SA3271,190,167.0,,
191,CO027SA3272,191,168.0,,
192,CO027SA3273,192,169.0,,
193,CO027SA3274,193,170.0,,
194,CO027SA3275,194,171.0,,
195,CO027SA3276,195,172.0,,
196,CO027SA3277,196,173.0,,
197,CO027SA3278,197,174.0,,
198,CO027SA3282,198,175.0,,
199,CO027SA3289,199,176.0,,
200,CO027SA3291,200,177.0,,
201,CO027SA3292,201,178.0,,
202,CO027SA3293,202,179.0,,
203,CO027SA3294,203,180.0,,
204,CO027SA3295,204,181.0,,
205,CO027SA3296,205,182.0,,
206,CO027SA3297,206,183.0,,
207,CO027SA3298,207,184.0,,
208,CO027SA3299,208,185.0,,
209,CO027SA3300,209,186.0,,
210,CO027SA3301,210,187.0,,
211,CO027SA3303,211,188.0,,
212,CO027SA3304,212,189.0,,
213,CO027SA3305,213,190.0,,
214,CO027SA3306,214,191.0,,
215,CO027SA3308,215,192.0,,
216,CO027SA3309,216,193.0,,
217,CO027SA3311,217,194.0,,
218,CO027SA3312,218,195.0,,
219,CO027SA3314,219,196.0,,
220,CO027SA3316,220,197.0,,
221,CO027SA3318,221,198.0,,
222,CO027SA3319,222,199.0,,
223,CO027SA3320,223,200.0,,
224,CO027SA3321,224,201.0,,
225,CO027SA3322,225,202.0,,
226,CO027SA3323,226,203.0,,
227,CO027SA3326,227,204.0,,
228,CO027SA3327,228,205.0,,
229,CO027SA3330,229,206.0,,
230,CO027SA3331,230,207.0,,
231,CO027SA3332,231,208.0,,
232,CO027SA3334,232,209.0,,
233,CO027SA3335,233,210.0,,
234,CO027SA3336,234,211.0,,
235,CO027SA3341,235,212.0,,
236,CO027SA3342,236,213.0,,
237,CO027SA3344,237,214.0,,
238,CO027SA3348,238,215.0,,
239,CO027SA3349,239,216.0,,
240,CO027SA3350,240,217.0,,
241,CO027SA3351,241,218.0,,
242,CO027SA3353,242,219.0,,
243,CO027SA3354,243,220.0,,
244,CO027SA3355,244,221.0,,
245,CO027SA3356,245,222.0,,
246,CO027SA3357,246,223.0,,
247,CO027SA3358,247,224.0,,
248,CO027SA3359,248,225.0,,
249,CO027SA3360,249,226.0,,
250,CO027SA3361,250,227.0,,
251,CO027SA3362,251,228.0,,
252,CO027SA3363,252,229.0,,
253,CO027SA3364,253,230.0,,
254,CO027SA3365,254,231.0,,
255,CO027SA3366,255,232.0,,
256,CO027SA3367,256,233.0,,
257,CO027SA3368,257,234.0,,
258,CO027SA3369,258,235.0,,
259,CO027SA3370,259,236.0,,
260,CO027SA3371,260,237.0,,
261,CO027SA3373,261,238.0,,
262,CO027SA3374,262,239.0,,
263,CO027SA3376,263,240.0,,
264,CO027SA3377,264,241.0,,
265,CO027SA3378,265,242.0,,
266,CO027SA3379,266,243.0,,
267,CO027SA3380,267,244.0,,
268,CO027SA3382,268,245.0,,
269,CO027SA3384,269,246.0,,
270,CO027SA3385,270,247.0,,
271,CO027SA3387,271,248.0,,
272,CO027SA3388,272,249.0,,
273,CO027SA3389,273,250.0,,
274,CO027SA3390,274,251.0,,
275,CO027SA3391,275,252.0,,
276,CO027SA3392,276,253.0,,
277,CO027SA3393,277,254.0,,
278,CO027SA3394,278,255.0,,
279,CO027SA3395,279,256.0,,
280,CO027SA3397,280,257.0,,
281,CO027SA3399,281,258.0,,
282,CO027SA3400,282,259.0,,
283,CO027SA3401,283,260.0,,
284,CO027SA3403,284,261.0,,
285,CO027SA3405,285,262.0,,
286,CO027SA3406,286,263.0,,
287,CO027SA3407,287,264.0,,
288,CO027SA3408,288,265.0,,
289,CO027SA3410,289,266.0,,
290,CO027SA3411,290,267.0,,
291,CO027SA3413,291,268.0,,
292,CO027SA3414,292,269.0,,
293,CO027SA3415,293,270.0,,
294,CO027SA3416,294,271.0,,
295,CO027SA3417,295,272.0,,
296,CO027SA3418,296,273.0,,
297,CO027SA3419,297,274.0,,
298,CO027SA3420,298,275.0,,
299,CO027SA3422,299,276.0,,
300,CO027SA3423,300,277.0,,
301,CO027SA3424,301,278.0,,
302,CO027SA3425,302,279.0,,
303,CO027SA3426,303,280.0,,
304,CO027SA3427,304,281.0,,
305,CO027SA3428,305,282.0,,
306,CO027SA3430,306,283.0,,
307,CO027SA3431,307,284.0,,
308,CO027SA3433,308,285.0,,
309,CO027SA3435,309,286.0,,
310,CO027SA3437,310,287.0,,
311,CO027SA3438,311,288.0,,
312,CO027SA3439,312,289.0,,
313,CO027SA3440,313,290.0,,
314,CO027SA3442,314,291.0,,
315,CO027SA3444,315,292.0,,
316,CO027SA3447,316,293.0,,
317,CO027SA3449,317,294.0,,
318,CO027SA3450,318,295.0,,
319,CO027SA3452,319,296.0,,
320,CO027SA3453,320,297.0,,
321,CO027SA3454,321,298.0,,
322,CO027SA3455,322,299.0,,
323,CO027SA3456,323,300.0,,
324,CO027SA3457,324,301.0,,
325,CO027SA3458,325,302.0,,
326,CO027SA3459,326,303.0,,
327,CO027SA3462,327,304.0,,
328,CO027SA3464,328,305.0,,
329,CO027SA3466,329,306.0,,
330,CO027SA3467,330,307.0,,
331,CO027SA3468,331,308.0,,
332,CO027SA3469,332,309.0,,
333,CO027SA3470,333,310.0,,
334,CO027SA3471,334,311.0,,
335,CO027SA3472,335,312.0,,
336,CO027SA3475,336,313.0,,
337,CO027SA3477,337,314.0,,
338,CO027SA3479,338,315.0,,
339,CO027SA3480,339,316.0,,
340,CO027SA3481,340,317.0,,
341,CO027SA3482,341,318.0,,
342,CO027SA3483,342,319.0,,
343,CO027SA3484,343,320.0,,
344,CO027SA3485,344,321.0,,
345,CO027SA3486,345,322.0,,
346,CO027SA3487,346,323.0,,
347,CO027SA3489,347,324.0,,
348,CO027SA3490,348,325.0,,
349,CO027SA3491,349,326.0,,
350,CO027SA3493,350,327.0,,
351,CO027SA3494,351,328.0,,
352,CO027SA3495,352,329.0,,
353,CO027SA3496,353,330.0,,
354,CO027SA3497,354,331.0,,
355,CO027SA3498,355,332.0,,
356,CO027SA3500,356,333.0,,
357,CO027SA3501,357,334.0,,
358,CO027SA3504,358,335.0,,
359,CO027SA3505,359,336.0,,
360,CO027SA3509,360,337.0,,
361,CO027SA3510,361,338.0,,
362,CO027SA3511,362,339.0,,
363,CO027SA3512,363,340.0,,
364,CO027SA3513,364,341.0,,
365,CO027SA3514,365,342.0,,
366,CO027SA3515,366,343.0,,
367,CO027SA3516,367,344.0,,
368,CO027SA3518,368,345.0,,
369,CO027SA3520,369,346.0,,
370,CO027SA3521,370,347.0,,
371,CO027SA3522,371,348.0,,
372,CO027SA3523,372,349.0,,
373,CO027SA3524,373,350.0,,
374,CO027SA3526,374,351.0,,
375,CO027SA3530,375,352.0,,
376,CO027SA3531,376,353.0,,
377,CO027SA3534,377,354.0,,
378,CO027SA3535,378,355.0,,
379,CO027SA3536,379,356.0,,
380,CO027SA3537,380,357.0,,
381,CO027SA3538,381,358.0,,
382,CO027SA3539,382,359.0,,
383,CO027SA3540,383,360.0,,
384,CO027SA3541,384,361.0,,
385,CO027SA3543,385,362.0,,
386,CO027SA3545,386,363.0,,
387,CO027SA3546,387,364.0,,
388,CO027SA3549,388,365.0,,
389,CO027SA3551,389,366.0,,
390,CO027SA3552,390,367.0,,
391,CO027SA3553,391,368.0,,
392,CO027SA3554,392,369.0,,
393,CO027SA3555,393,370.0,,
394,CO027SA3556,394,371.0,,
395,CO027SA3557,395,372.0,,
396,CO027SA3560,396,373.0,,
397,CO027SA3562,397,374.0,,
398,CO027SA3563,398,375.0,,
399,CO027SA3564,399,376.0,,
400,CO027SA3565,400,377.0,,
401,CO027SA3566,401,378.0,,
402,CO027SA3567,402,379.0,,
403,CO027SA3568,403,380.0,,
404,CO027SA3569,404,381.0,,
405,CO027SA3570,405,382.0,,
406,CO027SA3571,406,383.0,,
407,CO027SA3572,407,384.0,,
408,CO027SA3574,408,385.0,,
409,CO027SA3575,409,386.0,,
410,CO027SA3577,410,387.0,,
411,CO027SA3578,411,388.0,,
412,CO027SA3581,412,389.0,,
413,CO027SA3582,413,390.0,,
414,CO027SA3585,414,391.0,,
415,CO027SA3587,415,392.0,,
416,CO027SA3588,416,393.0,,
417,CO027SA3589,417,394.0,,
418,CO027SA3590,418,395.0,,
419,CO027SA3593,419,396.0,,
420,CO027SA3596,420,397.0,,
421,CO027SA3598,421,398.0,,
422,CO027SA3599,422,399.0,,
423,CO027SA3600,423,400.0,,
424,CO027SA3601,424,401.0,,
425,CO027SA3602,425,402.0,,
426,CO027SA3603,426,403.0,,
427,CO027SA3604,427,404.0,,
428,CO027SA3605,428,405.0,,
429,CO027SA3606,429,406.0,,
430,CO027SA3607,430,407.0,,
431,CO027SA3609,431,408.0,,
432,CO027SA3610,432,409.0,,
433,CO027SA3612,433,410.0,,
434,CO027SA3613,434,411.0,,
435,CO027SA3614,435,412.0,,
436,CO027SA3615,436,413.0,,
437,CO027SA3616,437,414.0,,
438,CO027SA3617,438,415.0,,
439,CO027SA3618,439,416.0,,
440,CO027SA3619,440,417.0,,
441,CO027SA3621,441,418.0,,
442,CO027SA3622,442,419.0,,
443,CO027SA3624,443,420.0,,
444,CO027SA3625,444,421.0,,
445,CO027SA3626,445,422.0,,
446,CO027SA3627,446,423.0,,
447,CO027SA3628,447,424.0,,
448,CO027SA3630,448,425.0,,
449,CO027SA3634,449,426.0,,
450,CO027SA3635,450,427.0,,
451,CO027SA3636,451,428.0,,
452,CO027SA3637,452,429.0,,
453,CO027SA3638,453,430.0,,
454,CO027SA3639,454,431.0,,
455,CO027SA3640,455,432.0,,
456,CO027SA3642,456,433.0,,
457,CO027SA3643,457,434.0,,
458,CO027SA3646,458,435.0,,
459,CO027SA3648,459,436.0,,
460,CO027SA3651,460,437.0,,
461,CO027SA3652,461,438.0,,
462,CO027SA3653,462,439.0,,
463,CO027SA3654,463,440.0,,
464,CO027SA3655,464,441.0,,
465,CO027SA3656,465,442.0,,
466,CO027SA3657,466,443.0,,
467,CO027SA3660,467,444.0,,
468,CO027SA3662,468,445.0,,
469,CO027SA3664,469,446.0,,
470,CO027SA3666,470,447.0,,
471,CO027SA3667,471,448.0,,
472,CO027SA3668,472,449.0,,
473,CO027SA3670,473,450.0,,
474,CO027SA3672,474,451.0,,
475,CO027SA3673,475,452.0,,
476,CO027SA3674,476,453.0,,
477,CO027SA3677,477,454.0,,
478,CO027SA3679,478,455.0,,
479,CO027SA3680,479,456.0,,
480,CO027SA3681,480,457.0,,
481,CO027SA3682,481,458.0,,
482,CO027SA3683,482,459.0,,
483,CO027SA3684,483,460.0,,
484,CO027SA3689,484,461.0,,
485,CO027SA3690,485,462.0,,
486,CO027SA3691,486,463.0,,
487,CO027SA3692,487,464.0,,
488,CO027SA3693,488,465.0,,
489,CO027SA3695,489,466.0,,
490,CO027SA3696,490,467.0,,
491,CO027SA3697,491,468.0,,
492,CO027SA3698,492,469.0,,
493,CO027SA3699,493,470.0,,
494,CO027SA3703,494,471.0,,
495,CO027SA3704,495,472.0,,
496,CO027SA3705,496,473.0,,
497,CO027SA3706,497,474.0,,
498,CO027SA3707,498,475.0,,
499,CO027SA3708,499,476.0,,
500,CO027SA3709,500,477.0,,
501,CO027SA3711,501,478.0,,
502,CO027SA3714,502,479.0,,
503,CO027SA3716,503,480.0,,
504,CO027SA3718,504,481.0,,
505,CO027SA3719,505,482.0,,
506,CO027SA3721,506,483.0,,
507,CO027SA3722,507,484.0,,
508,CO027SA3723,508,485.0,,
509,CO027SA3724,509,486.0,,
510,CO027SA3725,510,487.0,,
511,CO027SA3726,511,488.0,,
512,CO027SA3727,512,489.0,,
513,CO027SA3728,513,490.0,,
514,CO027SA3729,514,491.0,,
515,CO027SA3730,515,492.0,,
516,CO027SA3731,516,493.0,,
517,CO027SA3732,517,494.0,,
518,CO027SA3733,518,495.0,,
519,CO027SA3734,519,496.0,,
520,CO027SA3735,520,497.0,,
521,CO027SA3736,521,498.0,,
522,CO027SA3737,522,499.0,,
523,CO027SA3738,523,500.0,,
524,CO027SA3739,524,501.0,,
525,CO027SA3741,525,502.0,,
526,CO027SA3742,526,503.0,,
527,CO027SA3743,527,504.0,,
528,CO027SA3744,528,505.0,,
529,CO027SA3745,529,506.0,,
530,CO027SA3746,530,507.0,,
531,CO027SA3747,531,508.0,,
532,CO027SA3748,532,509.0,,
533,CO027SA3750,533,510.0,,
534,CO027SA3751,534,511.0,,
535,CO027SA3752,535,512.0,,
536,CO027SA3753,536,513.0,,
537,CO027SA3754,537,514.0,,
538,CO027SA3756,538,515.0,,
539,CO027SA3757,539,516.0,,
540,CO027SA3762,540,517.0,,
541,CO027SA3764,541,518.0,,
542,CO027SA3766,542,519.0,,
543,CO027SA3767,543,520.0,,
544,CO027SA3768,544,521.0,,
545,CO027SA3770,545,522.0,,
546,CO027SA3771,546,523.0,,
547,CO027SA3772,547,524.0,,
548,CO027SA3774,548,525.0,,
549,CO027SA3775,549,526.0,,
550,CO027SA3777,550,527.0,,
551,CO027SA3778,551,528.0,,
552,CO027SA3782,552,529.0,,
553,CO027SA3783,553,530.0,,
554,CO027SA3787,554,531.0,,
555,CO027SA3788,555,532.0,,
556,CO027SA3789,556,533.0,,
557,CO027SA3790,557,534.0,,
558,CO027SA3791,558,535.0,,
559,CO027SA3792,559,536.0,,
560,CO027SA3794,560,537.0,,
561,CO027SA3795,561,538.0,,
562,CO027SA3796,562,539.0,,
563,CO027SA3797,563,540.0,,
564,CO027SA3799,564,541.0,,
565,CO027SA3800,565,542.0,,
566,CO027SA3801,566,543.0,,
567,CO027SA3805,567,544.0,,
568,CO027SA3806,568,545.0,,
569,CO027SA3807,569,546.0,,
570,CO027SA3808,570,547.0,,
571,CO027SA3809,571,548.0,,
572,CO027SA3810,572,549.0,,
573,CO027SA3811,573,550.0,,
574,CO027SA3812,574,551.0,,
575,CO027SA3814,575,552.0,,
576,CO027SA3816,576,553.0,,
577,CO027SA3817,577,554.0,,
578,CO027SA3818,578,555.0,,
579,CO027SA3820,579,556.0,,
580,CO027SA3821,580,557.0,,
581,CO027SA3822,581,558.0,,
582,CO027SA3823,582,559.0,,
583,CO027SA3824,583,560.0,,
584,CO027SA3825,584,561.0,,
585,CO027SA3826,585,562.0,,
586,CO027SA3828,586,563.0,,
587,CO027SA3831,587,564.0,,
588,CO027SA3832,588,565.0,,
589,CO027SA3834,589,566.0,,
590,CO027SA3835,590,567.0,,
591,CO027SA3836,591,568.0,,
592,CO027SA3838,592,569.0,,
593,CO027SA3839,593,570.0,,
594,CO027SA3840,594,571.0,,
595,CO027SA3841,595,572.0,,
596,CO027SA3842,596,573.0,,
597,CO027SA3843,597,574.0,,
598,CO027SA3844,598,575.0,,
599,CO027SA3845,599,576.0,,
600,CO027SA3846,600,577.0,,
601,CO027SA3847,601,578.0,,
602,CO027SA3848,602,579.0,,
603,CO027SA3849,603,580.0,,
604,CO027SA3852,604,581.0,,
605,CO027SA3853,605,582.0,,
606,CO027SA3854,606,583.0,,
607,CO027SA3855,607,584.0,,
608,CO027SA3856,608,585.0,,
609,CO027SA3857,609,586.0,,
610,CO027SA3858,610,587.0,,
611,CO027SA3859,611,588.0,,
612,CO027SA3860,612,589.0,,
613,CO027SA3861,613,590.0,,
614,CO027SA3862,614,591.0,,
615,CO027SA3863,615,592.0,,
616,CO027SA3864,616,593.0,,
617,CO027SA3865,617,594.0,,
618,CO027SA3871,618,595.0,,
619,CO027SA3872,619,596.0,,
620,CO027SA3874,620,597.0,,
621,CO027SA3875,621,598.0,,
622,CO027SA3876,622,599.0,,
623,CO027SA3877,623,600.0,,
624,CO027SA3878,624,601.0,,
625,CO027SA3879,625,602.0,,
626,CO027SA3880,626,603.0,,
627,CO027SA3881,627,604.0,,
628,CO027SA3882,628,605.0,,
629,CO027SA3883,629,606.0,,
630,CO027SA3884,630,607.0,,
631,CO027SA3886,631,608.0,,
632,CO027SA3887,632,609.0,,
633,CO027SA3888,633,610.0,,
634,CO027SA3889,634,611.0,,
635,CO027SA3890,635,612.0,,
636,CO027SA3892,636,613.0,,
637,CO027SA3894,637,614.0,,
638,CO027SA3895,638,615.0,,
639,CO027SA3897,639,616.0,,
640,CO027SA3898,640,617.0,,
641,CO027SA3899,641,618.0,,
642,CO027SA3900,642,619.0,,
643,CO027SA3902,643,620.0,,
644,CO027SA3903,644,621.0,,
645,CO027SA3904,645,622.0,,
646,CO027SA3906,646,623.0,,
647,CO027SA3907,647,624.0,,
648,CO027SA3908,648,625.0,,
649,CO027SA3909,649,626.0,,
650,CO027SA3910,650,627.0,,
651,CO027SA3911,651,628.0,,
652,CO027SA3912,652,629.0,,
653,CO027SA3913,653,630.0,,
654,CO027SA3914,654,631.0,,
655,CO027SA3915,655,632.0,,
656,CO027SA3916,656,633.0,,
657,CO027SA3918,657,634.0,,
658,CO027SA3919,658,635.0,,
659,CO027SA3920,659,636.0,,
660,CO027SA3921,660,637.0,,
661,CO027SA3922,661,638.0,,
662,CO027SA3923,662,639.0,,
663,CO027SA3924,663,640.0,,
664,CO027SA3925,664,641.0,,
665,CO027SA3926,665,642.0,,
666,CO027SA3927,666,643.0,,
667,CO027SA3929,667,644.0,,
668,CO027SA3931,668,645.0,,
669,CO027SA3932,669,646.0,,
670,CO027SA3934,670,647.0,,
671,CO027SA3935,671,648.0,,
672,CO027SA3936,672,649.0,,
673,CO027SA3938,673,650.0,,
674,CO027SA3939,674,651.0,,
675,CO027SA3940,675,652.0,,
676,CO027SA3941,676,653.0,,
677,CO027SA3942,677,654.0,,
678,CO027SA3944,678,655.0,,
679,CO027SA3945,679,656.0,,
680,CO027SA3946,680,657.0,,
681,CO027SA3947,681,658.0,,
682,CO027SA3948,682,659.0,,
683,CO027SA3949,683,660.0,,
684,CO027SA3950,684,661.0,,
685,CO027SA3952,685,662.0,,
686,CO027SA3953,686,663.0,,
687,CO027SA3954,687,664.0,,
688,CO027SA3955,688,665.0,,
689,CO027SA3956,689,666.0,,
690,CO027SA3957,690,667.0,,
691,CO027SA3960,691,668.0,,
692,CO027SA3961,692,669.0,,
693,CO027SA3962,693,670.0,,
694,CO027SA3963,694,671.0,,
695,CO027SA3965,695,672.0,,
696,CO027SA3966,696,673.0,,
697,CO027SA3967,697,674.0,,
698,CO027SA3970,698,675.0,,
699,CO027SA3972,699,676.0,,
700,CO027SA3973,700,677.0,,
701,CO027SA3974,701,678.0,,
702,CO027SA3975,702,679.0,,
703,CO027SA3976,703,680.0,,
704,CO027SA3977,704,681.0,,
705,CO027SA3978,705,682.0,,
706,CO027SA3979,706,683.0,,
707,CO027SA3981,707,684.0,,
708,CO027SA3982,708,685.0,,
709,CO027SA3983,709,686.0,,
710,CO027SA3985,710,687.0,,
711,CO027SA3987,711,688.0,,
712,CO027SA3989,712,689.0,,
713,CO027SA3990,713,690.0,,
714,CO027SA3991,714,691.0,,
715,CO027SA3995,715,692.0,,
716,CO027SA3996,716,693.0,,
717,CO027SA3998,717,694.0,,
718,CO027SA3999,718,695.0,,
719,CO027SA4000,719,696.0,,
720,CO027SA4001,720,697.0,,
721,CO027SA4002,721,698.0,,
722,CO027SA4003,722,699.0,,
723,CO027SA4004,723,700.0,,
724,CO027SA4006,724,701.0,,
725,CO027SA4007,725,702.0,,
726,CO027SA4008,726,703.0,,
727,CO027SA4010,727,704.0,,
728,CO027SA4012,728,705.0,,
729,CO027SA4014,729,706.0,,
730,CO027SA4015,730,707.0,,
731,CO027SA4017,731,708.0,,
732,CO027SA4018,732,709.0,,
733,CO027SA4019,733,710.0,,
734,CO027SA4020,734,711.0,,
735,CO027SA4021,735,712.0,,
736,CO027SA4022,736,713.0,,
737,CO027SA4023,737,714.0,,
738,CO027SA4024,738,715.0,,
739,CO027SA4025,739,716.0,,
740,CO027SA4026,740,717.0,,
741,CO027SA4027,741,718.0,,
742,CO027SA4028,742,719.0,,
743,CO027SA5083,743,720.0,,
744,CO027SA5085,744,721.0,,
745,CO027SA5087,745,722.0,,
746,CO027SA5089,746,723.0,,
747,CO027SA5091,747,724.0,,
748,CO027SA5092,748,725.0,,
749,CO027SA5093,749,726.0,,
750,CO027SA5096,750,727.0,,
751,CO027SA5098,751,728.0,,
752,CO027SA5100,752,729.0,,
753,CO027SA5101,753,730.0,,
754,CO027SA5102,754,731.0,,
755,CO027SA5103,755,732.0,,
756,CO027SA5105,756,733.0,,
757,CO027SA5106,757,734.0,,
758,CO027SA5107,758,735.0,,
759,CO027SA5108,759,736.0,,
760,CO027SA5109,760,737.0,,
761,CO027SA5110,761,738.0,,
762,CO027SA5111,762,739.0,,
763,CO027SA5112,763,740.0,,
764,CO027SA5113,764,741.0,,
765,CO027SA5117,765,742.0,,
766,CO027SA5119,766,743.0,,
767,CO027SA5125,767,744.0,,
768,CO027SA5126,768,745.0,,
769,CO027SA5128,769,746.0,,
770,CO027SA5129,770,747.0,,
771,CO027SA5130,771,748.0,,
772,CO027SA5131,772,749.0,,
773,CO027SA5136,773,750.0,,
774,CO027SA5140,774,751.0,,
775,CO027SA5141,775,752.0,,
776,CO027SA5143,776,753.0,,
777,CO027SA5144,777,754.0,,
778,CO027SA5145,778,755.0,,
779,CO027SA5146,779,756.0,,
780,CO027SA5147,780,757.0,,
781,CO027SA5150,781,758.0,,
782,CO027SA5151,782,759.0,,
783,CO027SA5153,783,760.0,,
784,CO027SA5155,784,761.0,,
785,CO027SA5156,785,762.0,,
786,CO027SA5158,786,763.0,,
787,CO027SA5161,787,764.0,,
788,CO027SA5162,788,765.0,,
789,CO027SA5164,789,766.0,,
790,CO027SA5165,790,767.0,,
791,CO027SA5166,791,768.0,,
792,CO027SA5168,792,769.0,,
793,CO027SA5169,793,770.0,,
794,CO027SA5170,794,771.0,,
795,CO027SA5171,795,772.0,,
796,CO027SA5173,796,773.0,,
797,CO027SA5175,797,774.0,,
798,CO027SA5178,798,775.0,,
799,CO027SA5179,799,776.0,,
800,CO027SA5182,800,777.0,,
801,CO027SA5185,801,778.0,,
802,CO027SA5187,802,779.0,,
803,CO027SA5188,803,780.0,,
804,CO027SA5189,804,781.0,,
805,CO027SA5190,805,782.0,,
806,CO027SA5191,806,783.0,,
807,CO027SA5193,807,784.0,,
808,CO027SA5194,808,785.0,,
809,CO027SA5196,809,786.0,,
810,CO027SA5197,810,787.0,,
811,CO027SA5198,811,788.0,,
812,CO027SA5199,812,789.0,,
813,CO027SA5200,813,790.0,,
814,CO027SA5201,814,791.0,,
815,CO027SA5202,815,792.0,,
816,CO027SA5203,816,793.0,,
817,CO027SA5204,817,794.0,,
818,CO027SA5205,818,795.0,,
819,CO027SA5206,819,796.0,,
820,CO027SA5207,820,797.0,,
821,CO027SA5208,821,798.0,,
822,CO027SA5209,822,799.0,,
823,CO027SA5210,823,800.0,,
824,CO027SA5211,824,801.0,,
825,CO027SA5212,825,802.0,,
826,CO027SA5213,826,803.0,,
827,CO027SA5215,827,804.0,,
828,CO027SA5216,828,805.0,,
829,CO027SA5217,829,806.0,,
830,CO027SA5218,830,807.0,,
831,CO027SA5219,831,808.0,,
832,CO027SA5220,832,809.0,,
833,CO027SA5221,833,810.0,,
834,CO027SA5222,834,811.0,,
835,CO027SA5223,835,812.0,,
836,CO027SA5225,836,813.0,,
837,CO027SA5229,837,814.0,,
838,CO027SA5230,838,815.0,,
839,CO027SA5232,839,816.0,,
840,CO027SA5233,840,817.0,,
841,CO027SA5234,841,818.0,,
842,CO027SA5236,842,819.0,,
843,CO027SA5237,843,820.0,,
844,CO027SA5238,844,821.0,,
845,CO027SA5239,845,822.0,,
846,CO027SA5240,846,823.0,,
847,CO027SA5242,847,824.0,,
848,CO027SA5243,848,825.0,,
849,CO027SA5244,849,826.0,,
850,CO027SA5245,850,827.0,,
851,CO027SA5246,851,828.0,,
852,CO027SA5247,852,829.0,,
853,CO027SA5248,853,830.0,,
854,CO027SA5249,854,831.0,,
855,CO027SA5250,855,832.0,,
856,CO027SA5251,856,833.0,,
857,CO027SA5255,857,834.0,,
858,CO027SA5256,858,835.0,,
859,CO027SA5257,859,836.0,,
860,CO027SA5258,860,837.0,,
861,CO027SA5260,861,838.0,,
862,CO027SA5261,862,839.0,,
863,CO027SA5262,863,840.0,,
864,CO027SA5264,864,841.0,,
865,CO027SA5266,865,842.0,,
866,CO027SA5267,866,843.0,,
867,CO027SA5268,867,844.0,,
868,CO027SA5270,868,845.0,,
869,CO027SA5271,869,846.0,,
870,CO027SA5272,870,847.0,,
871,CO027SA5274,871,848.0,,
872,CO027SA5276,872,849.0,,
873,CO027SA5277,873,850.0,,
874,CO027SA5278,874,851.0,,
875,CO027SA5280,875,852.0,,
876,CO027SA5281,876,853.0,,
877,CO027SA5282,877,854.0,,
878,CO027SA5284,878,855.0,,
879,CO027SA5285,879,856.0,,
880,CO027SA5287,880,857.0,,
881,CO027SA5289,881,858.0,,
882,CO027SA5290,882,859.0,,
883,CO027SA5291,883,860.0,,
884,CO027SA5293,884,861.0,,
885,CO027SA5295,885,862.0,,
886,CO027SA5298,886,863.0,,
887,CO027SA5299,887,864.0,,
888,CO027SA5300,888,865.0,,
889,CO027SA5302,889,866.0,,
890,CO027SA5303,890,867.0,,
891,CO027SA5304,891,868.0,,
892,CO027SA5305,892,869.0,,
893,CO027SA5306,893,870.0,,
894,CO027SA5307,894,871.0,,
895,CO027SA5308,895,872.0,,
896,CO027SA5309,896,873.0,,
897,CO027SA5310,897,874.0,,
898,CO027SA5311,898,875.0,,
899,CO027SA5312,899,876.0,,
900,CO027SA5314,900,877.0,,
901,CO027SA5315,901,878.0,,
902,CO027SA5317,902,879.0,,
903,CO027SA5318,903,880.0,,
904,CO027SA5319,904,881.0,,
905,CO027SA5320,905,882.0,,
906,CO027SA5321,906,883.0,,
907,CO027SA5322,907,884.0,,
908,CO027SA5325,908,885.0,,
909,CO027SA5326,909,886.0,,
910,CO027SA5327,910,887.0,,
911,CO027SA5328,911,888.0,,
912,CO027SA5329,912,889.0,,
913,CO027SA5330,913,890.0,,
914,CO027SA5331,914,891.0,,
915,CO027SA5332,915,892.0,,
916,CO027SA5333,916,893.0,,
917,CO027SA5335,917,894.0,,
918,CO027SA5336,918,895.0,,
919,CO027SA5338,919,896.0,,
920,CO027SA5339,920,897.0,,
921,CO027SA5342,921,898.0,,
922,CO027SA5343,922,899.0,,
923,CO027SA5344,923,900.0,,
924,CO027SA5345,924,901.0,,
925,CO027SA5346,925,902.0,,
926,CO027SA5347,926,903.0,,
927,CO027SA5348,927,904.0,,
928,CO027SA5350,928,905.0,,
929,CO027SA5352,929,906.0,,
930,CO027SA5353,930,907.0,,
931,CO027SA5355,931,908.0,,
932,CO027SA5356,932,909.0,,
933,CO027SA5358,933,910.0,,
934,CO027SA5359,934,911.0,,
935,CO027SA5360,935,912.0,,
936,CO027SA5362,936,913.0,,
937,CO027SA5363,937,914.0,,
938,CO027SA5364,938,915.0,,
939,CO027SA5365,939,916.0,,
940,CO027SA5366,940,917.0,,
941,CO027SA5368,941,918.0,,
942,CO027SA5369,942,919.0,,
943,CO027SA5370,943,920.0,,
944,CO027SA5372,944,921.0,,
945,CO027SA5373,945,922.0,,
946,CO027SA5375,946,923.0,,
947,CO027SA5377,947,924.0,,
948,CO027SA5381,948,925.0,,
949,CO027SA5382,949,926.0,,
950,CO027SA5384,950,927.0,,
951,CO027SA5385,951,928.0,,
952,CO027SA5387,952,929.0,,
953,CO027SA5390,953,930.0,,
954,CO027SA5392,954,931.0,,
955,CO027SA5393,955,932.0,,
956,CO027SA5394,956,933.0,,
957,CO027SA5395,957,934.0,,
958,CO027SA5396,958,935.0,,
959,CO027SA5397,959,936.0,,
960,CO027SA5400,960,937.0,,
961,CO027SA5403,961,938.0,,
962,CO027SA5405,962,939.0,,
963,CO027SA5406,963,940.0,,
964,CO027SA5408,964,941.0,,
965,CO027SA5410,965,942.0,,
966,CW017SA12661,966,943.0,,
967,CW017SA12664,967,944.0,,
968,CW017SA12666,968,945.0,,
969,CW017SA12667,969,946.0,,
970,CW017SA12668,970,947.0,,
971,CW017SA12669,971,948.0,,
972,CW017SA12671,972,949.0,,
973,CW017SA12672,973,950.0,,
974,CW017SA12674,974,951.0,,
975,CW017SA12675,975,952.0,,
976,CW017SA12679,976,953.0,,
977,CW017SA12682,977,954.0,,
978,CW017SA12683,978,955.0,,
979,CW017SA12688,979,956.0,,
980,CW017SA12689,980,957.0,,
981,CW017SA12693,981,958.0,,
982,CW017SA12694,982,959.0,,
983,CW017SA12696,983,960.0,,
984,CW017SA12698,984,961.0,,
985,CW017SA12699,985,962.0,,
986,CW017SA12701,986,963.0,,
987,CW017SA12702,987,964.0,,
988,CW017SA12703,988,965.0,,
989,CW017SA12707,989,966.0,,
990,CW017SA12708,990,967.0,,
991,CW017SA12709,991,968.0,,
992,CW017SA12710,992,969.0,,
993,CW017SA12713,993,970.0,,
994,CW017SA12714,994,971.0,,
995,CW017SA12715,995,972.0,,
996,CW017SA12718,996,973.0,,
997,CW017SA12720,997,974.0,,
998,CW017SA12724,998,975.0,,
999,CW017SA12725,999,976.0,,
1000,CW017SA12727,1000,977.0,,
1001,CW017SA12729,1001,978.0,,
1002,CW017SA12730,1002,979.0,,
1003,CW017SA12731,1003,980.0,,
1004,CW017SA12732,1004,981.0,,
1005,CW017SA12733,1005,982.0,,
1006,CW017SA12738,1006,983.0,,
1007,CW017SA12741,1007,984.0,,
1008,CW017SA12742,1008,985.0,,
1009,CW017SA12744,1009,986.0,,
1010,CW017SA12745,1010,987.0,,
1011,CW017SA12756,1011,988.0,,
1012,CW017SA12759,1012,989.0,,
1013,CW017SA12760,1013,990.0,,
1014,CW017SA12761,1014,991.0,,
1015,CW017SA12762,1015,992.0,,
1016,CW017SA12766,1016,993.0,,
1017,CW017SA12768,1017,994.0,,
1018,CW017SA12769,1018,995.0,,
1019,CW017SA12772,1019,996.0,,
1020,CW017SA12776,1020,997.0,,
1021,CW017SA12777,1021,998.0,,
1022,CW017SA12779,1022,999.0,,
1023,CW017SA12781,1023,1000.0,,
1024,CW017SA12782,1024,1001.0,,
1025,CW017SA12783,1025,1002.0,,
1026,CW017SA12784,1026,1003.0,,
1027,CW017SA12785,1027,1004.0,,
1028,CW017SA12786,1028,1005.0,,
1029,CW017SA12787,1029,1006.0,,
1030,CW017SA12788,1030,1007.0,,
1031,CW017SA12789,1031,1008.0,,
1032,CW017SA12790,1032,1009.0,,
1033,CW017SA12793,1033,1010.0,,
1034,CW017SA12794,1034,1011.0,,
1035,CW017SA12795,1035,1012.0,,
1036,CW017SA12798,1036,1013.0,,
1037,CW017SA12801,1037,1014.0,,
1038,CW017SA12802,1038,1015.0,,
1039,CW017SA12804,1039,1016.0,,
1040,CW017SA12805,1040,1017.0,,
1041,CW017SA12807,1041,1018.0,,
1042,CW017SA12808,1042,1019.0,,
1043,CW017SA12809,1043,1020.0,,
1044,CW017SA12810,1044,1021.0,,
1045,CW017SA12811,1045,1022.0,,
1046,CW017SA12812,1046,1023.0,,
1047,CW017SA12813,1047,1024.0,,
1048,CW017SA12814,1048,1025.0,,
1049,CW017SA12816,1049,1026.0,,
1050,CW017SA12817,1050,1027.0,,
1051,CW017SA12818,1051,1028.0,,
1052,CW017SA12819,1052,1029.0,,
1053,CW017SA12821,1053,1030.0,,
1054,CW017SA12823,1054,1031.0,,
1055,CW017SA12824,1055,1032.0,,
1056,CW017SA12825,1056,1033.0,,
1057,CW017SA12826,1057,1034.0,,
1058,CW017SA12828,1058,1035.0,,
1059,CW017SA12830,1059,1036.0,,
1060,CW017SA12831,1060,1037.0,,
1061,CW017SA12833,1061,1038.0,,
1062,CW017SA12834,1062,1039.0,,
1063,CW017SA12835,1063,1040.0,,
1064,CW017SA12836,1064,1041.0,,
1065,CW017SA12838,1065,1042.0,,
1066,CW017SA12841,1066,1043.0,,
1067,CW017SA12842,1067,1044.0,,
1068,CW017SA12843,1068,1045.0,,
1069,CW017SA12878,1069,1046.0,,
1070,CW017SA12879,1070,1047.0,,
1071,CW017SA12880,1071,1048.0,,
1072,CW017SA12884,1072,1049.0,,
1073,CW017SA12888,1073,1050.0,,
1074,CW017SA12891,1074,1051.0,,
1075,CW017SA12892,1075,1052.0,,
1076,CW017SA12893,1076,1053.0,,
1077,CW017SA12895,1077,1054.0,,
1078,CW017SA12896,1078,1055.0,,
1079,CW017SA12897,1079,1056.0,,
1080,CW017SA12898,1080,1057.0,,
1081,CW017SA12899,1081,1058.0,,
1082,CW017SA12903,1082,1059.0,,
1083,CW017SA12904,1083,1060.0,,
1084,CW017SA12906,1084,1061.0,,
1085,CW017SA12907,1085,1062.0,,
1086,CW017SA12909,1086,1063.0,,
1087,CW017SA12910,1087,1064.0,,
1088,CW017SA12911,1088,1065.0,,
1089,CW017SA12912,1089,1066.0,,
1090,CW017SA12913,1090,1067.0,,
1091,CW017SA12914,1091,1068.0,,
1092,CW017SA12915,1092,1069.0,,
1093,CW017SA12916,1093,1070.0,,
1094,CW017SA12918,1094,1071.0,,
1095,CW017SA12919,1095,1072.0,,
1096,CW017SA12922,1096,1073.0,,
1097,CW017SA12923,1097,1074.0,,
1098,CW017SA12924,1098,1075.0,,
1099,CW017SA12925,1099,1076.0,,
1100,CW017SA12926,1100,1077.0,,
1101,CW017SA12927,1101,1078.0,,
1102,CW017SA12928,1102,1079.0,,
1103,CW017SA12929,1103,1080.0,,
1104,CW017SA12933,1104,1081.0,,
1105,CW017SA12934,1105,1082.0,,
1106,CW017SA12937,1106,1083.0,,
1107,CW017SA12938,1107,1084.0,,
1108,CW017SA12939,1108,1085.0,,
1109,CW017SA12940,1109,1086.0,,
1110,CW017SA12944,1110,1087.0,,
1111,CW017SA12946,1111,1088.0,,
1112,CW017SA12947,1112,1089.0,,
1113,CW017SA12948,1113,1090.0,,
1114,CW017SA12949,1114,1091.0,,
1115,CW017SA12950,1115,1092.0,,
1116,CW017SA12952,1116,1093.0,,
1117,CW017SA12953,1117,1094.0,,
1118,CW017SA12954,1118,1095.0,,
1119,CW017SA12955,1119,1096.0,,
1120,CW017SA12956,1120,1097.0,,
1121,CW017SA12957,1121,1098.0,,
1122,CW017SA12958,1122,1099.0,,
1123,CW017SA12959,1123,1100.0,,
1124,CW017SA12960,1124,1101.0,,
1125,CW017SA12961,1125,1102.0,,
1126,CW017SA12963,1126,1103.0,,
1127,CW017SA12964,1127,1104.0,,
1128,CW017SA12966,1128,1105.0,,
1129,CW017SA12968,1129,1106.0,,
1130,CW017SA12969,1130,1107.0,,
1131,CW017SA12970,1131,1108.0,,
1132,CW017SA12971,1132,1109.0,,
1133,CW017SA12973,1133,1110.0,,
1134,CW017SA12974,1134,1111.0,,
1135,CW017SA12976,1135,1112.0,,
1136,CW017SA12977,1136,1113.0,,
1137,CW017SA12980,1137,1114.0,,
1138,CW017SA12982,1138,1115.0,,
1139,CW017SA12985,1139,1116.0,,
1140,CW017SA12986,1140,1117.0,,
1141,CW017SA12987,1141,1118.0,,
1142,CW017SA12988,1142,1119.0,,
1143,CW017SA12989,1143,1120.0,,
1144,CW017SA12991,1144,1121.0,,
1145,CW017SA12993,1145,1122.0,,
1146,CW017SA12994,1146,1123.0,,
1147,CW017SA12995,1147,1124.0,,
1148,CW017SA12996,1148,1125.0,,
1149,CW017SA12999,1149,1126.0,,
1150,CW017SA13000,1150,1127.0,,
1151,CW017SA13001,1151,1128.0,,
1152,CW017SA13002,1152,1129.0,,
1153,CW017SA13004,1153,1130.0,,
1154,CW017SA13005,1154,1131.0,,
1155,CW017SA13006,1155,1132.0,,
1156,CW017SA13007,1156,1133.0,,
1157,CW017SA13009,1157,1134.0,,
1158,CW017SA13011,1158,1135.0,,
1159,CW017SA13012,1159,1136.0,,
1160,CW017SA13013,1160,1137.0,,
1161,CW017SA13015,1161,1138.0,,
1162,CW017SA13017,1162,1139.0,,
1163,CW017SA13019,1163,1140.0,,
1164,CW017SA13020,1164,1141.0,,
1165,CW017SA13022,1165,1142.0,,
1166,CW017SA13023,1166,1143.0,,
1167,CW017SA13024,1167,1144.0,,
1168,CW017SA13025,1168,1145.0,,
1169,CW017SA13026,1169,1146.0,,
1170,CW017SA13027,1170,1147.0,,
1171,CW017SA13028,1171,1148.0,,
1172,CW017SA13030,1172,1149.0,,
1173,CW017SA13031,1173,1150.0,,
1174,CW017SA13034,1174,1151.0,,
1175,CW017SA13035,1175,1152.0,,
1176,CW017SA13039,1176,1153.0,,
1177,CW017SA13040,1177,1154.0,,
1178,CW017SA13041,1178,1155.0,,
1179,CW017SA13047,1179,1156.0,,
1180,CW017SA13051,1180,1157.0,,
1181,CW017SA13059,1181,1158.0,,
1182,CW017SA13063,1182,1159.0,,
1183,CW017SA13070,1183,1160.0,,
1184,CW017SA13073,1184,1161.0,,
1185,CW017SA13074,1185,1162.0,,
1186,CW017SA13075,1186,1163.0,,
1187,CW017SA13077,1187,1164.0,,
1188,CW017SA13078,1188,1165.0,,
1189,CW017SA13079,1189,1166.0,,
1190,CW017SA13080,1190,1167.0,,
1191,CW017SA13081,1191,1168.0,,
1192,CW017SA13083,1192,1169.0,,
1193,CW017SA13084,1193,1170.0,,
1194,CW017SA13085,1194,1171.0,,
1195,CW017SA13087,1195,1172.0,,
1196,CW017SA13089,1196,1173.0,,
1197,CW017SA13140,1197,1174.0,,
1198,CW017SA13156,1198,1175.0,,
1199,CW017SA13158,1199,1176.0,,
1200,CW017SA13160,1200,1177.0,,
1201,CW017SA13169,1201,1178.0,,
1202,CW017SA13171,1202,1179.0,,
1203,CW017SA13172,1203,1180.0,,
1204,CW017SA14107,1204,1181.0,,
1205,CW017SA14108,1205,1182.0,,
1206,CW017SA14112,1206,1183.0,,
1207,CW017SA14116,1207,1184.0,,
1208,CW017SA14117,1208,1185.0,,
1209,CW017SA14118,1209,1186.0,,
1210,CW017SA14121,1210,1187.0,,
1211,CW017SA14122,1211,1188.0,,
1212,CW017SA14123,1212,1189.0,,
1213,CW017SA14124,1213,1190.0,,
1214,CW017SA14125,1214,1191.0,,
1215,CW017SA14128,1215,1192.0,,
1216,CW017SA16853,1216,1193.0,,
1217,CW017SA16854,1217,1194.0,,
1218,CW017SA16855,1218,1195.0,,
1219,CW017SA16856,1219,1196.0,,
1220,CW017SA16857,1220,1197.0,,
1221,CW017SA16859,1221,1198.0,,
1222,CW017SA16861,1222,1199.0,,
1223,CW017SA16862,1223,1200.0,,
1224,CW017SA16863,1224,1201.0,,
1225,CW017SA16864,1225,1202.0,,
1226,CW017SA16865,1226,1203.0,,
1227,CW017SA16866,1227,1204.0,,
1228,CW017SA16867,1228,1205.0,,
1229,CW017SA16868,1229,1206.0,,
1230,CW017SA16869,1230,1207.0,,
1231,CW017SA16870,1231,1208.0,,
1232,CW017SA16871,1232,1209.0,,
1233,CW017SA16874,1233,1210.0,,
1234,CW017SA16877,1234,1211.0,,
1235,CW017SA16879,1235,1212.0,,
1236,CW017SA16880,1236,1213.0,,
1237,CW017SA16881,1237,1214.0,,
1238,CW017SA16882,1238,1215.0,,
1239,CW017SA16883,1239,1216.0,,
1240,CW017SA16885,1240,1217.0,,
1241,CW017SA16886,1241,1218.0,,
1242,CW017SA16887,1242,1219.0,,
1243,CW017SA16889,1243,1220.0,,
1244,CW017SA16890,1244,1221.0,,
1245,CW017SA16891,1245,1222.0,,
1246,CW017SA16892,1246,1223.0,,
1247,CW017SA16893,1247,1224.0,,
1248,CW017SA16895,1248,1225.0,,
1249,CW017SA16897,1249,1226.0,,
1250,CW017SA16898,1250,1227.0,,
1251,CW017SA16899,1251,1228.0,,
1252,CW017SA16900,1252,1229.0,,
1253,CW017SA16901,1253,1230.0,,
1254,CW017SA16902,1254,1231.0,,
1255,CW017SA17024,1255,1232.0,,
1256,CW017SA17025,1256,1233.0,,
1257,CW017SA17027,1257,1234.0,,
1258,CW017SA17028,1258,1235.0,,
1259,CW017SA17029,1259,1236.0,,
1260,CW017SA17030,1260,1237.0,,
1261,CW017SA17031,1261,1238.0,,
1262,CW017SA17032,1262,1239.0,,
1263,CW017SA17034,1263,1240.0,,
1264,CW017SA17035,1264,1241.0,,
1265,CW017SA17036,1265,1242.0,,
1266,CW017SA17038,1266,1243.0,,
1267,CW017SA17043,1267,1244.0,,
1268,CW017SA17045,1268,1245.0,,
1269,CW017SA17049,1269,1246.0,,
1270,CW017SA17051,1270,1247.0,,
1271,CW017SA17058,1271,1248.0,,
1272,CW017SA19724,1272,1249.0,,
1273,CW017SA19725,1273,1250.0,,
1274,CW017SA19727,1274,1251.0,,
1275,CW017SA19728,1275,1252.0,,
1276,CW017SA19729,1276,1253.0,,
1277,CW017SA19731,1277,1254.0,,
1278,CW017SA19733,1278,1255.0,,
1279,CW017SA19734,1279,1256.0,,
1280,CW017SA19737,1280,1257.0,,
1281,CW017SA19738,1281,1258.0,,
1282,CW017SA19740,1282,1259.0,,
1283,CW017SA19741,1283,1260.0,,
1284,CW017SA19742,1284,1261.0,,
1285,CW017SA19743,1285,1262.0,,
1286,CW017SA19744,1286,1263.0,,
1287,CW017SA19747,1287,1264.0,,
1288,CW017SA19748,1288,1265.0,,
1289,CW017SA19749,1289,1266.0,,
1290,CW017SA20004,1290,1267.0,,
1291,CW017SA20064,1291,1268.0,,
1292,CW017SA20082,1292,1269.0,,
1293,CW017SA20086,1293,1270.0,,
1294,CW017SA20087,1294,1271.0,,
1295,CW017SA20088,1295,1272.0,,
1296,CW017SA20089,1296,1273.0,,
1297,CW017SA20090,1297,1274.0,,
1298,CW017SA20091,1298,1275.0,,
1299,CW017SA20093,1299,1276.0,,
1300,CW017SA20094,1300,1277.0,,
1301,CW017SA20095,1301,1278.0,,
1302,CW017SA20096,1302,1279.0,,
1303,CW017SA20097,1303,1280.0,,
1304,CW017SA20098,1304,1281.0,,
1305,CW017SA20099,1305,1282.0,,
1306,CW017SA20100,1306,1283.0,,
1307,CW017SA20101,1307,1284.0,,
1308,CW017SA20102,1308,1285.0,,
1309,CW017SA20103,1309,1286.0,,
1310,CW017SA20104,1310,1287.0,,
1311,CW017SA20106,1311,1288.0,,
1312,CW017SA20108,1312,1289.0,,
1313,CW017SA20109,1313,1290.0,,
1314,CW017SA20110,1314,1291.0,,
1315,CW017SA20111,1315,1292.0,,
1316,CW017SA20112,1316,1293.0,,
1317,CW017SA20113,1317,1294.0,,
1318,CW017SA20114,1318,1295.0,,
1319,CW017SA20115,1319,1296.0,,
1320,CW017SA20117,1320,1297.0,,
1321,CW017SA20118,1321,1298.0,,
1322,CW017SA20119,1322,1299.0,,
1323,CW017SA20120,1323,1300.0,,
1324,CW017SA20122,1324,1301.0,,
1325,CW017SA20123,1325,1302.0,,
1326,CW017SA20124,1326,1303.0,,
1327,CW017SA20125,1327,1304.0,,
1328,CW017SA20126,1328,1305.0,,
1329,CW017SA20128,1329,1306.0,,
1330,CW017SA20129,1330,1307.0,,
1331,CW017SA20131,1331,1308.0,,
1332,CW017SA20132,1332,1309.0,,
1333,CW017SA20134,1333,1310.0,,
1334,CW017SA20135,1334,1311.0,,
1335,CW017SA20136,1335,1312.0,,
1336,CW017SA20137,1336,1313.0,,
1337,CW017SA20138,1337,1314.0,,
1338,CW017SA20139,1338,1315.0,,
1339,CW017SA20141,1339,1316.0,,
1340,CW017SA20143,1340,1317.0,,
1341,CW017SA20144,1341,1318.0,,
1342,CW017SA20145,1342,1319.0,,
1343,CW017SA20146,1343,1320.0,,
1344,CW017SA20147,1344,1321.0,,
1345,CW017SA20148,1345,1322.0,,
1346,CW017SA20149,1346,1323.0,,
1347,CW017SA20150,1347,1324.0,,
1348,CW017SA20152,1348,1325.0,,
1349,CW017SA20153,1349,1326.0,,
1350,CW017SA20155,1350,1327.0,,
1351,CW017SA20156,1351,1328.0,,
1352,CW017SA20157,1352,1329.0,,
1353,CW017SA20158,1353,1330.0,,
1354,CW017SA20159,1354,1331.0,,
1355,CW017SA20160,1355,1332.0,,
1356,CW017SA20161,1356,1333.0,,
1357,CW017SA20162,1357,1334.0,,
1358,CW017SA20163,1358,1335.0,,
1359,CW017SA20165,1359,1336.0,,
1360,CW017SA20166,1360,1337.0,,
1361,CW017SA20167,1361,1338.0,,
1362,CW017SA20168,1362,1339.0,,
1363,CW017SA20169,1363,1340.0,,
1364,CW017SA20170,1364,1341.0,,
1365,CW017SA20173,1365,1342.0,,
1366,CW017SA20175,1366,1343.0,,
1367,CW017SA20176,1367,1344.0,,
1368,CW017SA20178,1368,1345.0,,
1369,CW017SA20179,1369,1346.0,,
1370,CW017SA20180,1370,1347.0,,
1371,CW017SA20181,1371,1348.0,,
1372,CW017SA20185,1372,1349.0,,
1373,CW017SA20186,1373,1350.0,,
1374,CW017SA20187,1374,1351.0,,
1375,CW017SA20188,1375,1352.0,,
1376,CW017SA20189,1376,1353.0,,
1377,CW017SA20190,1377,1354.0,,
1378,CW017SA20193,1378,1355.0,,
1379,CW017SA20194,1379,1356.0,,
1380,CW017SA20196,1380,1357.0,,
1381,CW017SA20197,1381,1358.0,,
1382,CW017SA20199,1382,1359.0,,
1383,CW017SA20200,1383,1360.0,,
1384,CW017SA20202,1384,1361.0,,
1385,CW017SA20203,1385,1362.0,,
1386,CW017SA20205,1386,1363.0,,
1387,CW017SA20206,1387,1364.0,,
1388,CW017SA20208,1388,1365.0,,
1389,CW017SA20210,1389,1366.0,,
1390,CW017SA20211,1390,1367.0,,
1391,CW017SA20212,1391,1368.0,,
1392,CW017SA20265,1392,1369.0,,
1393,CW017SA20267,1393,1370.0,,
1394,CW017SA20269,1394,1371.0,,
1395,CW017SA20270,1395,1372.0,,
1396,CW017SA20271,1396,1373.0,,
1397,CW017SA20273,1397,1374.0,,
1398,CW017SA20274,1398,1375.0,,
1399,CW017SA20275,1399,1376.0,,
1400,CW017SA20276,1400,1377.0,,
1401,CW017SA20277,1401,1378.0,,
1402,CW017SA20280,1402,1379.0,,
1403,CW017SA20281,1403,1380.0,,
1404,CW017SA20282,1404,1381.0,,
1405,CW017SA20283,1405,1382.0,,
1406,CW017SA20284,1406,1383.0,,
1407,CW017SA20286,1407,1384.0,,
1408,CW017SA20288,1408,1385.0,,
1409,CW017SA20289,1409,1386.0,,
1410,CW017SA20291,1410,1387.0,,
1411,CW017SA20292,1411,1388.0,,
1412,CW017SA20294,1412,1389.0,,
1413,CW017SA20296,1413,1390.0,,
1414,CW017SA20297,1414,1391.0,,
1415,CW017SA20298,1415,1392.0,,
1416,CW017SA20300,1416,1393.0,,
1417,CW017SA20303,1417,1394.0,,
1418,CW017SA20304,1418,1395.0,,
1419,CW017SA20308,1419,1396.0,,
1420,CW017SA20309,1420,1397.0,,
1421,CW017SA20310,1421,1398.0,,
1422,CW017SA20311,1422,1399.0,,
1423,CW017SA20312,1423,1400.0,,
1424,CW017SA20313,1424,1401.0,,
1425,CW017SA20315,1425,1402.0,,
1426,CW017SA20316,1426,1403.0,,
1427,CW017SA20318,1427,1404.0,,
1428,CW017SA20319,1428,1405.0,,
1429,CW017SA20320,1429,1406.0,,
1430,CW017SA20321,1430,1407.0,,
1431,CW017SA20322,1431,1408.0,,
1432,CW017SA20323,1432,1409.0,,
1433,CW017SA20324,1433,1410.0,,
1434,CW017SA20329,1434,1411.0,,
1435,CW017SA20330,1435,1412.0,,
1436,CW017SA20332,1436,1413.0,,
1437,CW017SA20333,1437,1414.0,,
1438,CW017SA20334,1438,1415.0,,
1439,CW017SA20335,1439,1416.0,,
1440,CW017SA20336,1440,1417.0,,
1441,CW017SA20337,1441,1418.0,,
1442,CW017SA20339,1442,1419.0,,
1443,CW017SA20340,1443,1420.0,,
1444,CW017SA20341,1444,1421.0,,
1445,CW017SA20342,1445,1422.0,,
1446,CW017SA20343,1446,1423.0,,
1447,CW017SA20344,1447,1424.0,,
1448,CW017SA20345,1448,1425.0,,
1449,CW017SA20347,1449,1426.0,,
1450,CW017SA20348,1450,1427.0,,
1451,CW017SA20350,1451,1428.0,,
1452,CW017SA20351,1452,1429.0,,
1453,CW017SA20354,1453,1430.0,,
1454,CW017SA20355,1454,1431.0,,
1455,CW017SA20356,1455,1432.0,,
1456,CW017SA20357,1456,1433.0,,
1457,CW017SA20360,1457,1434.0,,
1458,CW017SA20361,1458,1435.0,,
1459,CW017SA20362,1459,1436.0,,
1460,CW017SA20363,1460,1437.0,,
1461,CW017SA20364,1461,1438.0,,
1462,CW017SA20365,1462,1439.0,,
1463,CW017SA20367,1463,1440.0,,
1464,CW017SA20368,1464,1441.0,,
1465,CW017SA20369,1465,1442.0,,
1466,CW017SA20372,1466,1443.0,,
1467,CW017SA20373,1467,1444.0,,
1468,CW017SA20374,1468,1445.0,,
1469,CW017SA20375,1469,1446.0,,
1470,CW017SA20377,1470,1447.0,,
1471,CW017SA20378,1471,1448.0,,
1472,CW017SA20380,1472,1449.0,,
1473,CW017SA20381,1473,1450.0,,
1474,CW017SA20383,1474,1451.0,,
1475,CW017SA20386,1475,1452.0,,
1476,CW017SA20387,1476,1453.0,,
1477,CW017SA20391,1477,1454.0,,
1478,CW017SA20393,1478,1455.0,,
1479,CW017SA20395,1479,1456.0,,
1480,CW017SA20397,1480,1457.0,,
1481,CW017SA20399,1481,1458.0,,
1482,CW017SA20400,1482,1459.0,,
1483,CW017SA20401,1483,1460.0,,
1484,CW017SA20403,1484,1461.0,,
1485,CW017SA20404,1485,1462.0,,
1486,CW017SA20405,1486,1463.0,,
1487,CW017SA20406,1487,1464.0,,
1488,CW017SA20407,1488,1465.0,,
1489,CW017SA20409,1489,1466.0,,
1490,CW017SA20411,1490,1467.0,,
1491,CW017SA20412,1491,1468.0,,
1492,CW017SA20413,1492,1469.0,,
1493,CW017SA20414,1493,1470.0,,
1494,CW017SA20415,1494,1471.0,,
1495,CW017SA20416,1495,1472.0,,
1496,CW017SA20417,1496,1473.0,,
1497,CW017SA20419,1497,1474.0,,
1498,CW017SA20420,1498,1475.0,,
1499,CW017SA20421,1499,1476.0,,
1500,CW017SA20423,1500,1477.0,,
1501,CW017SA20424,1501,1478.0,,
1502,CW017SA20425,1502,1479.0,,
1503,CW017SA20426,1503,1480.0,,
1504,CW017SA20427,1504,1481.0,,
1505,CW017SA20428,1505,1482.0,,
1506,CW017SA20431,1506,1483.0,,
1507,CW017SA20432,1507,1484.0,,
1508,CW017SA20433,1508,1485.0,,
1509,CW017SA20434,1509,1486.0,,
1510,CW017SA20435,1510,1487.0,,
1511,CW017SA20440,1511,1488.0,,
1512,CW017SA20441,1512,1489.0,,
1513,CW017SA20442,1513,1490.0,,
1514,CW017SA20443,1514,1491.0,,
1515,CW017SA20444,1515,1492.0,,
1516,CW017SA20447,1516,1493.0,,
1517,CW017SA20448,1517,1494.0,,
1518,CW017SA20449,1518,1495.0,,
1519,CW017SA20451,1519,1496.0,,
1520,CW017SA20452,1520,1497.0,,
1521,CW017SA20453,1521,1498.0,,
1522,CW017SA20454,1522,1499.0,,
1523,CW017SA20455,1523,1500.0,,
1524,CW017SA20456,1524,1501.0,,
1525,CW017SA20457,1525,1502.0,,
1526,CW017SA20458,1526,1503.0,,
1527,CW017SA20459,1527,1504.0,,
1528,CW017SA20460,1528,1505.0,,
1529,CW017SA20462,1529,1506.0,,
1530,CW017SA20463,1530,1507.0,,
1531,CW017SA20464,1531,1508.0,,
1532,CW017SA20466,1532,1509.0,,
1533,CW017SA20467,1533,1510.0,,
1534,CW017SA20468,1534,1511.0,,
1535,CW017SA20469,1535,1512.0,,
1536,CW017SA20470,1536,1513.0,,
1537,CW017SA20471,1537,1514.0,,
1538,CW017SA20474,1538,1515.0,,
1539,CW017SA20475,1539,1516.0,,
1540,CW017SA20477,1540,1517.0,,
1541,CW017SA20478,1541,1518.0,,
1542,CW017SA20481,1542,1519.0,,
1543,CW017SA20484,1543,1520.0,,
1544,CW017SA20486,1544,1521.0,,
1545,CW017SA20487,1545,1522.0,,
1546,CW017SA20489,1546,1523.0,,
1547,CW017SA20490,1547,1524.0,,
1548,CW017SA20491,1548,1525.0,,
1549,CW017SA20492,1549,1526.0,,
1550,CW017SA20493,1550,1527.0,,
1551,CW017SA20494,1551,1528.0,,
1552,CW017SA20495,1552,1529.0,,
1553,CW017SA20496,1553,1530.0,,
1554,CW017SA20498,1554,1531.0,,
1555,CW017SA20500,1555,1532.0,,
1556,CW017SA20501,1556,1533.0,,
1557,CW017SA20505,1557,1534.0,,
1558,CW017SA20506,1558,1535.0,,
1559,CW017SA20508,1559,1536.0,,
1560,CW017SA20509,1560,1537.0,,
1561,CW017SA20511,1561,1538.0,,
1562,CW017SA20513,1562,1539.0,,
1563,CW017SA20517,1563,1540.0,,
1564,CW017SA20518,1564,1541.0,,
1565,CW017SA20519,1565,1542.0,,
1566,CW017SA20520,1566,1543.0,,
1567,CW017SA20522,1567,1544.0,,
1568,CW017SA20523,1568,1545.0,,
1569,CW017SA20525,1569,1546.0,,
1570,CW017SA20527,1570,1547.0,,
1571,CW017SA20528,1571,1548.0,,
1572,CW017SA20529,1572,1549.0,,
1573,CW017SA20530,1573,1550.0,,
1574,CW017SA20531,1574,1551.0,,
1575,CW017SA20532,1575,1552.0,,
1576,CW017SA20533,1576,1553.0,,
1577,CW017SA20535,1577,1554.0,,
1578,CW017SA20536,1578,1555.0,,
1579,CW017SA20537,1579,1556.0,,
1580,CW017SA20538,1580,1557.0,,
1581,CW017SA20541,1581,1558.0,,
1582,CW017SA20542,1582,1559.0,,
1583,CW017SA20543,1583,1560.0,,
1584,CW017SA20545,1584,1561.0,,
1585,CW017SA20546,1585,1562.0,,
1586,CW017SA20547,1586,1563.0,,
1587,CW017SA20548,1587,1564.0,,
1588,CW017SA20550,1588,1565.0,,
1589,CW017SA20551,1589,1566.0,,
1590,CW017SA20553,1590,1567.0,,
1591,CW017SA20554,1591,1568.0,,
1592,CW017SA20556,1592,1569.0,,
1593,CW017SA20558,1593,1570.0,,
1594,CW017SA20561,1594,1571.0,,
1595,CW017SA20564,1595,1572.0,,
1596,CW017SA20565,1596,1573.0,,
1597,CW017SA20566,1597,1574.0,,
1598,CW017SA20567,1598,1575.0,,
1599,CW017SA20569,1599,1576.0,,
1600,CW017SA20570,1600,1577.0,,
1601,CW017SA20572,1601,1578.0,,
1602,CW017SA20574,1602,1579.0,,
1603,CW017SA20575,1603,1580.0,,
1604,CW017SA20576,1604,1581.0,,
1605,CW017SA20577,1605,1582.0,,
1606,CW017SA20578,1606,1583.0,,
1607,CW017SA20579,1607,1584.0,,
1608,CW017SA20580,1608,1585.0,,
1609,CW017SA20581,1609,1586.0,,
1610,CW017SA20583,1610,1587.0,,
1611,CW017SA20584,1611,1588.0,,
1612,CW017SA20586,1612,1589.0,,
1613,CW017SA20591,1613,1590.0,,
1614,CW017SA20594,1614,1591.0,,
1615,CW017SA20598,1615,1592.0,,
1616,CW017SA20602,1616,1593.0,,
1617,CW017SA20603,1617,1594.0,,
1618,CW017SA20604,1618,1595.0,,
1619,CW017SA20606,1619,1596.0,,
1620,CW017SA20607,1620,1597.0,,
1621,CW017SA20608,1621,1598.0,,
1622,CW017SA20609,1622,1599.0,,
1623,CW017SA20610,1623,1600.0,,
1624,CW017SA20611,1624,1601.0,,
1625,CW017SA20613,1625,1602.0,,
1626,CW017SA20614,1626,1603.0,,
1627,CW017SA20616,1627,1604.0,,
1628,CW017SA20617,1628,1605.0,,
1629,CW017SA20618,1629,1606.0,,
1630,CW017SA20620,1630,1607.0,,
1631,CW017SA20622,1631,1608.0,,
1632,CW017SA20623,1632,1609.0,,
1633,CW017SA20624,1633,1610.0,,
1634,CW017SA20627,1634,1611.0,,
1635,CW017SA20629,1635,1612.0,,
1636,CW017SA20630,1636,1613.0,,
1637,CW017SA20631,1637,1614.0,,
1638,CW017SA20632,1638,1615.0,,
1639,CW017SA20634,1639,1616.0,,
1640,CW017SA20636,1640,1617.0,,
1641,CW017SA20637,1641,1618.0,,
1642,CW017SA20638,1642,1619.0,,
1643,CW017SA20641,1643,1620.0,,
1644,CW017SA20642,1644,1621.0,,
1645,CW017SA20643,1645,1622.0,,
1646,CW017SA20645,1646,1623.0,,
1647,CW017SA20649,1647,1624.0,,
1648,CW017SA20650,1648,1625.0,,
1649,CW017SA20651,1649,1626.0,,
1650,CW017SA20652,1650,1627.0,,
1651,CW017SA20653,1651,1628.0,,
1652,CW017SA20654,1652,1629.0,,
1653,CW017SA20655,1653,1630.0,,
1654,CW017SA20656,1654,1631.0,,
1655,CW017SA20657,1655,1632.0,,
1656,CW017SA20658,1656,1633.0,,
1657,CW017SA20659,1657,1634.0,,
1658,CW017SA20661,1658,1635.0,,
1659,CW017SA20662,1659,1636.0,,
1660,CW017SA20664,1660,1637.0,,
1661,CW017SA20665,1661,1638.0,,
1662,CW017SA20666,1662,1639.0,,
1663,CW017SA20667,1663,1640.0,,
1664,CW017SA20668,1664,1641.0,,
1665,CW017SA20670,1665,1642.0,,
1666,CW017SA20673,1666,1643.0,,
1667,CW017SA20674,1667,1644.0,,
1668,CW017SA20675,1668,1645.0,,
1669,CW017SA20676,1669,1646.0,,
1670,CW017SA20677,1670,1647.0,,
1671,CW017SA20678,1671,1648.0,,
1672,CW017SA20680,1672,1649.0,,
1673,CW017SA20681,1673,1650.0,,
1674,CW017SA20682,1674,1651.0,,
1675,CW017SA20684,1675,1652.0,,
1676,CW017SA20685,1676,1653.0,,
1677,CW017SA20686,1677,1654.0,,
1678,CW017SA20687,1678,1655.0,,
1679,CW017SA20688,1679,1656.0,,
1680,CW017SA20691,1680,1657.0,,
1681,CW017SA20692,1681,1658.0,,
1682,CW017SA20693,1682,1659.0,,
1683,CW017SA20694,1683,1660.0,,
1684,CW017SA20696,1684,1661.0,,
1685,CW017SA20697,1685,1662.0,,
1686,CW017SA20699,1686,1663.0,,
1687,CW017SA20700,1687,1664.0,,
1688,CW017SA20701,1688,1665.0,,
1689,CW017SA20702,1689,1666.0,,
1690,CW017SA20703,1690,1667.0,,
1691,CW017SA20705,1691,1668.0,,
1692,CW017SA20707,1692,1669.0,,
1693,CW017SA20708,1693,1670.0,,
1694,CW017SA20709,1694,1671.0,,
1695,CW017SA20710,1695,1672.0,,
1696,CW017SA20711,1696,1673.0,,
1697,CW017SA20712,1697,1674.0,,
1698,CW017SA20716,1698,1675.0,,
1699,CW017SA20718,1699,1676.0,,
1700,CW017SA20719,1700,1677.0,,
1701,CW017SA20720,1701,1678.0,,
1702,CW017SA20721,1702,1679.0,,
1703,CW017SA20722,1703,1680.0,,
1704,CW017SA20724,1704,1681.0,,
1705,CW017SA20727,1705,1682.0,,
1706,CW017SA20728,1706,1683.0,,
1707,CW017SA20731,1707,1684.0,,
1708,CW017SA20732,1708,1685.0,,
1709,CW017SA20733,1709,1686.0,,
1710,CW017SA20735,1710,1687.0,,
1711,CW017SA20736,1711,1688.0,,
1712,CW017SA20737,1712,1689.0,,
1713,CW017SA20738,1713,1690.0,,
1714,CW017SA20739,1714,1691.0,,
1715,CW017SA20740,1715,1692.0,,
1716,CW017SA20741,1716,1693.0,,
1717,CW017SA20742,1717,1694.0,,
1718,CW017SA20743,1718,1695.0,,
1719,CW017SA20744,1719,1696.0,,
1720,CW017SA20745,1720,1697.0,,
1721,CW017SA20748,1721,1698.0,,
1722,CW017SA20749,1722,1699.0,,
1723,CW017SA20750,1723,1700.0,,
1724,CW017SA20751,1724,1701.0,,
1725,CW017SA20752,1725,1702.0,,
1726,CW017SA20753,1726,1703.0,,
1727,CW017SA20754,1727,1704.0,,
1728,CW017SA20755,1728,1705.0,,
1729,CW017SA20759,1729,1706.0,,
1730,CW017SA20760,1730,1707.0,,
1731,CW017SA20762,1731,1708.0,,
1732,CW017SA20763,1732,1709.0,,
1733,CW017SA20767,1733,1710.0,,
1734,CW017SA20769,1734,1711.0,,
1735,CW017SA20771,1735,1712.0,,
1736,CW017SA20772,1736,1713.0,,
1737,CW017SA20774,1737,1714.0,,
1738,CW017SA20776,1738,1715.0,,
1739,CW017SA20778,1739,1716.0,,
1740,CW017SA20779,1740,1717.0,,
1741,CW017SA20781,1741,1718.0,,
1742,CW017SA20782,1742,1719.0,,
1743,CW017SA20786,1743,1720.0,,
1744,CW017SA20787,1744,1721.0,,
1745,CW017SA20788,1745,1722.0,,
1746,CW017SA20789,1746,1723.0,,
1747,CW017SA20790,1747,1724.0,,
1748,CW017SA20795,1748,1725.0,,
1749,CW017SA20796,1749,1726.0,,
1750,CW017SA20797,1750,1727.0,,
1751,CW017SA20798,1751,1728.0,,
1752,CW017SA20799,1752,1729.0,,
1753,CW017SA20800,1753,1730.0,,
1754,CW017SA20801,1754,1731.0,,
1755,CW017SA20803,1755,1732.0,,
1756,CW017SA20805,1756,1733.0,,
1757,CW017SA20806,1757,1734.0,,
1758,CW017SA20807,1758,1735.0,,
1759,CW017SA20808,1759,1736.0,,
1760,CW017SA20809,1760,1737.0,,
1761,CW017SA20810,1761,1738.0,,
1762,CW017SA20811,1762,1739.0,,
1763,CW017SA20812,1763,1740.0,,
1764,CW017SA20815,1764,1741.0,,
1765,CW017SA20816,1765,1742.0,,
1766,CW017SA20817,1766,1743.0,,
1767,CW017SA20820,1767,1744.0,,
1768,CW017SA20821,1768,1745.0,,
1769,CW017SA20823,1769,1746.0,,
1770,CW017SA20827,1770,1747.0,,
1771,CW017SA20829,1771,1748.0,,
1772,CW017SA20830,1772,1749.0,,
1773,CW017SA20831,1773,1750.0,,
1774,CW017SA20832,1774,1751.0,,
1775,CW017SA20833,1775,1752.0,,
1776,CW017SA20834,1776,1753.0,,
1777,CW017SA20835,1777,1754.0,,
1778,CW017SA20836,1778,1755.0,,
1779,CW017SA20837,1779,1756.0,,
1780,CW017SA20838,1780,1757.0,,
1781,CW017SA20839,1781,1758.0,,
1782,CW017SA20843,1782,1759.0,,
1783,CW017SA20844,1783,1760.0,,
1784,CW017SA20846,1784,1761.0,,
1785,CW017SA20847,1785,1762.0,,
1786,CW017SA20849,1786,1763.0,,
1787,CW017SA20851,1787,1764.0,,
1788,CW017SA20854,1788,1765.0,,
1789,CW017SA20855,1789,1766.0,,
1790,CW017SA20856,1790,1767.0,,
1791,CW017SA20857,1791,1768.0,,
1792,CW017SA20858,1792,1769.0,,
1793,CW017SA20859,1793,1770.0,,
1794,CW017SA20860,1794,1771.0,,
1795,CW017SA20862,1795,1772.0,,
1796,CW017SA20863,1796,1773.0,,
1797,CW017SA20864,1797,1774.0,,
1798,CW017SA20866,1798,1775.0,,
1799,CW017SA20867,1799,1776.0,,
1800,CW017SA20869,1800,1777.0,,
1801,CW017SA20872,1801,1778.0,,
1802,CW017SA20873,1802,1779.0,,
1803,CW017SA20875,1803,1780.0,,
1804,CW017SA20878,1804,1781.0,,
1805,CW017SA20879,1805,1782.0,,
1806,CW017SA20883,1806,1783.0,,
1807,CW017SA20884,1807,1784.0,,
1808,CW017SA20887,1808,1785.0,,
1809,CW017SA20888,1809,1786.0,,
1810,CW017SA20889,1810,1787.0,,
1811,CW017SA20890,1811,1788.0,,
1812,CW017SA20891,1812,1789.0,,
1813,CW017SA20892,1813,1790.0,,
1814,CW017SA20893,1814,1791.0,,
1815,CW017SA20894,1815,1792.0,,
1816,CW017SA20897,1816,1793.0,,
1817,CW017SA20898,1817,1794.0,,
1818,CW017SA20899,1818,1795.0,,
1819,CW017SA20900,1819,1796.0,,
1820,CW017SA20903,1820,1797.0,,
1821,CW017SA20904,1821,1798.0,,
1822,CW017SA20905,1822,1799.0,,
1823,CW017SA20907,1823,1800.0,,
1824,CW017SA20910,1824,1801.0,,
1825,CW017SA20911,1825,1802.0,,
1826,CW017SA20912,1826,1803.0,,
1827,CW017SA20915,1827,1804.0,,
1828,CW017SA20917,1828,1805.0,,
1829,CW017SA20919,1829,1806.0,,
1830,CW017SA20920,1830,1807.0,,
1831,CW017SA20923,1831,1808.0,,
1832,CW017SA20924,1832,1809.0,,
1833,CW017SA20925,1833,1810.0,,
1834,CW017SA20926,1834,1811.0,,
1835,CW017SA20927,1835,1812.0,,
1836,CW017SA20928,1836,1813.0,,
1837,CW017SA20929,1837,1814.0,,
1838,CW017SA20930,1838,1815.0,,
1839,CW017SA20931,1839,1816.0,,
1840,CW017SA20932,1840,1817.0,,
1841,CW017SA20933,1841,1818.0,,
1842,CW017SA20934,1842,1819.0,,
1843,CW017SA20935,1843,1820.0,,
1844,CW017SA20938,1844,1821.0,,
1845,CW017SA20940,1845,1822.0,,
1846,CW017SA20941,1846,1823.0,,
1847,CW017SA20942,1847,1824.0,,
1848,CW017SA20944,1848,1825.0,,
1849,CW017SA20945,1849,1826.0,,
1850,CW017SA20946,1850,1827.0,,
1851,CW017SA20947,1851,1828.0,,
1852,CW017SA20948,1852,1829.0,,
1853,CW017SA20949,1853,1830.0,,
1854,CW017SA20950,1854,1831.0,,
1855,CW017SA20951,1855,1832.0,,
1856,CW017SA20953,1856,1833.0,,
1857,CW017SA20956,1857,1834.0,,
1858,CW017SA20957,1858,1835.0,,
1859,CW017SA20958,1859,1836.0,,
1860,CW017SA20961,1860,1837.0,,
1861,CW017SA20962,1861,1838.0,,
1862,CW017SA20964,1862,1839.0,,
1863,CW017SA20965,1863,1840.0,,
1864,CW017SA20966,1864,1841.0,,
1865,CW017SA20967,1865,1842.0,,
1866,CW017SA20968,1866,1843.0,,
1867,CW017SA20969,1867,1844.0,,
1868,CW017SA20973,1868,1845.0,,
1869,CW017SA20974,1869,1846.0,,
1870,CW017SA20975,1870,1847.0,,
1871,CW017SA20977,1871,1848.0,,
1872,CW017SA20978,1872,1849.0,,
1873,CW017SA20979,1873,1850.0,,
1874,CW017SA20980,1874,1851.0,,
1875,CW017SA20981,1875,1852.0,,
1876,CW017SA20982,1876,1853.0,,
1877,CW017SA20983,1877,1854.0,,
1878,CW017SA20984,1878,1855.0,,
1879,CW017SA20986,1879,1856.0,,
1880,CW017SA20987,1880,1857.0,,
1881,CW017SA20988,1881,1858.0,,
1882,CW017SA20989,1882,1859.0,,
1883,CW017SA20991,1883,1860.0,,
1884,CW017SA20993,1884,1861.0,,
1885,CW017SA20994,1885,1862.0,,
1886,CW017SA20995,1886,1863.0,,
1887,CW017SA20996,1887,1864.0,,
1888,CW017SA20997,1888,1865.0,,
1889,CW017SA20998,1889,1866.0,,
1890,CW017SA20999,1890,1867.0,,
1891,CW017SA21000,1891,1868.0,,
1892,CW017SA21001,1892,1869.0,,
1893,CW017SA21002,1893,1870.0,,
1894,CW017SA21003,1894,1871.0,,
1895,CW017SA21004,1895,1872.0,,
1896,CW017SA21005,1896,1873.0,,
1897,CW017SA21006,1897,1874.0,,
1898,CW017SA21008,1898,1875.0,,
1899,CW017SA21009,1899,1876.0,,
1900,CW017SA21011,1900,1877.0,,
1901,CW017SA21012,1901,1878.0,,
1902,CW017SA21013,1902,1879.0,,
1903,CW017SA21014,1903,1880.0,,
1904,CW017SA21015,1904,1881.0,,
1905,CW017SA21016,1905,1882.0,,
1906,CW017SA21017,1906,1883.0,,
1907,CW017SA21018,1907,1884.0,,
1908,CW017SA21019,1908,1885.0,,
1909,CW017SA21020,1909,1886.0,,
1910,CW017SA21021,1910,1887.0,,
1911,CW017SA21023,1911,1888.0,,
1912,CW017SA21024,1912,1889.0,,
1913,CW017SA21032,1913,1890.0,,
1914,CW017SA21033,1914,1891.0,,
1915,CW017SA21035,1915,1892.0,,
1916,CW017SA21036,1916,1893.0,,
1917,CW017SA21037,1917,1894.0,,
1918,CW017SA21038,1918,1895.0,,
1919,CW017SA21040,1919,1896.0,,
1920,CW017SA21041,1920,1897.0,,
1921,CW017SA21043,1921,1898.0,,
1922,CW017SA21044,1922,1899.0,,
1923,CW017SA21045,1923,1900.0,,
1924,CW017SA21046,1924,1901.0,,
1925,CW017SA21047,1925,1902.0,,
1926,CW017SA21049,1926,1903.0,,
1927,CW017SA21050,1927,1904.0,,
1928,CW017SA21262,1928,1905.0,,
1929,CW017SA21264,1929,1906.0,,
1930,CW017SA21267,1930,1907.0,,
1931,CW017SA21268,1931,1908.0,,
1932,CW017SA21269,1932,1909.0,,
1933,CW017SA21270,1933,1910.0,,
1934,CW017SA21271,1934,1911.0,,
1935,CW017SA21273,1935,1912.0,,
1936,CW017SA21274,1936,1913.0,,
1937,CW017SA21276,1937,1914.0,,
1938,CW017SA21277,1938,1915.0,,
1939,CW017SA21279,1939,1916.0,,
1940,CW017SA21281,1940,1917.0,,
1941,CW017SA21282,1941,1918.0,,
1942,CW017SA21283,1942,1919.0,,
1943,CW017SA21284,1943,1920.0,,
1944,CW017SA21288,1944,1921.0,,
1945,CW017SA21290,1945,1922.0,,
1946,CW017SA21294,1946,1923.0,,
1947,CW017SA21295,1947,1924.0,,
1948,CW017SA21296,1948,1925.0,,
1949,CW017SA21297,1949,1926.0,,
1950,CW017SA21298,1950,1927.0,,
1951,CW017SA21300,1951,1928.0,,
1952,CW017SA21301,1952,1929.0,,
1953,CW017SA21302,1953,1930.0,,
1954,CW017SA21303,1954,1931.0,,
1955,CW017SA21304,1955,1932.0,,
1956,CW017SA21305,1956,1933.0,,
1957,CW017SA21306,1957,1934.0,,
1958,CW017SA21307,1958,1935.0,,
1959,CW017SA21309,1959,1936.0,,
1960,CW017SA21310,1960,1937.0,,
1961,CW017SA21311,1961,1938.0,,
1962,CW017SA21312,1962,1939.0,,
1963,CW017SA21313,1963,1940.0,,
1964,CW017SA21314,1964,1941.0,,
1965,CW017SA21315,1965,1942.0,,
1966,CW017SA21316,1966,1943.0,,
1967,CW017SA21317,1967,1944.0,,
1968,CW017SA21318,1968,1945.0,,
1969,CW017SA21321,1969,1946.0,,
1970,CW017SA21322,1970,1947.0,,
1971,CW017SA21324,1971,1948.0,,
1972,CW017SA21325,1972,1949.0,,
1973,CW017SA21327,1973,1950.0,,
1974,CW017SA21329,1974,1951.0,,
1975,CW017SA21331,1975,1952.0,,
1976,CW017SA21332,1976,1953.0,,
1977,CW017SA21333,1977,1954.0,,
1978,CW017SA21335,1978,1955.0,,
1979,CW017SA21338,1979,1956.0,,
1980,CW017SA21342,1980,1957.0,,
1981,CW017SA21343,1981,1958.0,,
1982,CW017SA21344,1982,1959.0,,
1983,CW017SA21346,1983,1960.0,,
1984,CW017SA21347,1984,1961.0,,
1985,CW017SA21348,1985,1962.0,,
1986,CW017SA21349,1986,1963.0,,
1987,CW017SA21350,1987,1964.0,,
1988,CW017SA21351,1988,1965.0,,
1989,CW017SA21352,1989,1966.0,,
1990,CW017SA21353,1990,1967.0,,
1991,CW017SA21354,1991,1968.0,,
1992,CW017SA21355,1992,1969.0,,
1993,CW017SA21356,1993,1970.0,,
1994,CW017SA21358,1994,1971.0,,
1995,CW017SA21359,1995,1972.0,,
1996,CW017SA21360,1996,1973.0,,
1997,CW017SA21361,1997,1974.0,,
1998,CW017SA21362,1998,1975.0,,
1999,CW017SA21364,1999,1976.0,,
2000,CW017SA21366,2000,1977.0,,
2001,CW017SA21367,2001,1978.0,,
2002,CW017SA21369,2002,1979.0,,
2003,CW017SA21371,2003,1980.0,,
2004,CW017SA21372,2004,1981.0,,
2005,CW017SA21375,2005,1982.0,,
2006,CW017SA21376,2006,1983.0,,
2007,CW017SA21377,2007,1984.0,,
2008,CW017SA21378,2008,1985.0,,
2009,CW017SA21379,2009,1986.0,,
2010,CW017SA21380,2010,1987.0,,
2011,CW017SA21382,2011,1988.0,,
2012,CW017SA21383,2012,1989.0,,
2013,CW017SA21384,2013,1990.0,,
2014,CW017SA21385,2014,1991.0,,
2015,CW017SA21386,2015,1992.0,,
2016,CW017SA21387,2016,1993.0,,
2017,CW017SA21388,2017,1994.0,,
2018,CW017SA21389,2018,1995.0,,
2019,CW017SA21392,2019,1996.0,,
2020,CW017SA21393,2020,1997.0,,
2021,CW017SA21397,2021,1998.0,,
2022,CW017SA21398,2022,1999.0,,
2023,CW017SA21399,2023,2000.0,,
2024,CW017SA21400,2024,2001.0,,
2025,CW017SA21401,2025,2002.0,,
2026,CW017SA21403,2026,2003.0,,
2027,CW017SA21404,2027,2004.0,,
2028,CW017SA21405,2028,2005.0,,
2029,CW017SA21407,2029,2006.0,,
2030,CW017SA21408,2030,2007.0,,
2031,CW017SA21409,2031,2008.0,,
2032,CW017SA21410,2032,2009.0,,
2033,CW017SA21412,2033,2010.0,,
2034,CW017SA21413,2034,2011.0,,
2035,CW017SA21414,2035,2012.0,,
2036,CW017SA21415,2036,2013.0,,
2037,CW017SA21416,2037,2014.0,,
2038,CW017SA21417,2038,2015.0,,
2039,CW017SA21418,2039,2016.0,,
2040,CW017SA21421,2040,2017.0,,
2041,CW017SA21426,2041,2018.0,,
2042,CW017SA21427,2042,2019.0,,
2043,CW017SA21428,2043,2020.0,,
2044,CW017SA21430,2044,2021.0,,
2045,CW017SA21431,2045,2022.0,,
2046,CW017SA21432,2046,2023.0,,
2047,CW017SA21433,2047,2024.0,,
2048,CW017SA21434,2048,2025.0,,
2049,CW017SA21435,2049,2026.0,,
2050,CW017SA21436,2050,2027.0,,
2051,CW017SA21438,2051,2028.0,,
2052,CW017SA21443,2052,2029.0,,
2053,CW017SA21445,2053,2030.0,,
2054,CW017SA21446,2054,2031.0,,
2055,CW017SA21447,2055,2032.0,,
2056,CW017SA21448,2056,2033.0,,
2057,CW017SA21449,2057,2034.0,,
2058,CW017SA21450,2058,2035.0,,
2059,CW017SA21452,2059,2036.0,,
2060,CW017SA21453,2060,2037.0,,
2061,CW017SA21454,2061,2038.0,,
2062,CW017SA21455,2062,2039.0,,
2063,CW017SA21456,2063,2040.0,,
2064,CW017SA21457,2064,2041.0,,
2065,CW017SA21458,2065,2042.0,,
2066,CW017SA21460,2066,2043.0,,
2067,CW017SA21461,2067,2044.0,,
2068,CW017SA21463,2068,2045.0,,
2069,CW017SA21464,2069,2046.0,,
2070,CW017SA21465,2070,2047.0,,
2071,CW017SA21466,2071,2048.0,,
2072,CW017SA21467,2072,2049.0,,
2073,CW017SA21469,2073,2050.0,,
2074,CW017SA21470,2074,2051.0,,
2075,CW017SA21471,2075,2052.0,,
2076,CW017SA21474,2076,2053.0,,
2077,CW017SA21477,2077,2054.0,,
2078,CW017SA21478,2078,2055.0,,
2079,CW017SA21479,2079,2056.0,,
2080,CW017SA21481,2080,2057.0,,
2081,CW017SA21938,2081,2058.0,,
2082,CW017SA21940,2082,2059.0,,
2083,CW017SA21942,2083,2060.0,,
2084,CW017SA21944,2084,2061.0,,
2085,CW017SA21945,2085,2062.0,,
2086,CW017SA21946,2086,2063.0,,
2087,CW017SA21947,2087,2064.0,,
2088,CW017SA21948,2088,2065.0,,
2089,CW017SA21949,2089,2066.0,,
2090,CW017SA21952,2090,2067.0,,
2091,CW017SA21953,2091,2068.0,,
2092,CW017SA21954,2092,2069.0,,
2093,CW017SA21955,2093,2070.0,,
2094,CW017SA21957,2094,2071.0,,
2095,CW017SA21962,2095,2072.0,,
2096,CW017SA21963,2096,2073.0,,
2097,CW017SA21964,2097,2074.0,,
2098,CW017SA21965,2098,2075.0,,
2099,CW017SA21966,2099,2076.0,,
2100,CW017SA21967,2100,2077.0,,
2101,CW017SA21969,2101,2078.0,,
2102,CW017SA22011,2102,2079.0,,
2103,CW017SA22012,2103,2080.0,,
2104,CW017SA22015,2104,2081.0,,
2105,CW017SA22017,2105,2082.0,,
2106,CW017SA22018,2106,2083.0,,
2107,CW017SA22021,2107,2084.0,,
2108,CW017SA22022,2108,2085.0,,
2109,CW017SA22024,2109,2086.0,,
2110,CW017SA22026,2110,2087.0,,
2111,CW017SA22027,2111,2088.0,,
2112,CW017SA22029,2112,2089.0,,
2113,CW017SA22031,2113,2090.0,,
2114,CW017SA22033,2114,2091.0,,
2115,CW017SA22034,2115,2092.0,,
2116,CW017SA22035,2116,2093.0,,
2117,CW017SA22036,2117,2094.0,,
2118,CW017SA22038,2118,2095.0,,
2119,CW017SA22040,2119,2096.0,,
2120,CW017SA22041,2120,2097.0,,
2121,CW017SA22044,2121,2098.0,,
2122,CW017SA22045,2122,2099.0,,
2123,CW017SA22046,2123,2100.0,,
2124,CW017SA22047,2124,2101.0,,
2125,CW017SA6996,2125,2102.0,,
2126,CW017SA7000,2126,2103.0,,
2127,CW017SA7005,2127,2104.0,,
2128,CW017SA7011,2128,2105.0,,
2129,CW017SA7015,2129,2106.0,,
2130,CW017SA7018,2130,2107.0,,
2131,CW017SA7026,2131,2108.0,,
2132,CW017SA7030,2132,2109.0,,
2133,CW017SA7031,2133,2110.0,,
2134,CW017SA7034,2134,2111.0,,
2135,CW017SA7046,2135,2112.0,,
2136,CW017SA7047,2136,2113.0,,
2137,CW017SA7049,2137,2114.0,,
2138,CW017SA7056,2138,2115.0,,
2139,CW017SA7057,2139,2116.0,,
2140,CW017SA7059,2140,2117.0,,
2141,CW017SA7064,2141,2118.0,,
2142,CW017SA7065,2142,2119.0,,
2143,CW017SA7073,2143,2120.0,,
2144,CW017SA7075,2144,2121.0,,
2145,CW017SA7076,2145,2122.0,,
2146,CW017SA7078,2146,2123.0,,
2147,CW017SA7079,2147,2124.0,,
2148,CW017SA7081,2148,2125.0,,
2149,CW017SA7085,2149,2126.0,,
2150,CW017SA7090,2150,2127.0,,
2151,CW017SA7114,2151,2128.0,,
2152,CW017SA7117,2152,2129.0,,
2153,CW017SA7119,2153,2130.0,,
2154,CW017SA7120,2154,2131.0,,
2155,CW017SA7122,2155,2132.0,,
2156,CW017SA7133,2156,2133.0,,
2157,CW017SA7134,2157,2134.0,,
2158,CW017SA7135,2158,2135.0,,
2159,CW017SA7166,2159,2136.0,,
2160,CO027SA3868,2160,2137.0,0.0,1.0
2161,CO027SA3869,2161,2138.0,1.0,2.0
2162,CO027SA3891,2162,2139.0,2.0,3.0
2163,CO027SA3896,2163,2141.0,4.0,5.0
2164,CO027SA3901,2164,2142.0,5.0,6.0
2165,CO027SA3930,2165,2147.0,10.0,11.0
2166,CO027SA3951,2166,2152.0,15.0,16.0
2167,CW017SA7139,2167,2156.0,19.0,20.0
2168,CW017SA7143,2168,2157.0,20.0,21.0
2169,CW017SA7146,2169,2158.0,21.0,22.0
2170,CW017SA7148,2170,2159.0,22.0,23.0
2171,CW017SA7149,2171,2160.0,23.0,24.0
2172,CW017SA7153,2172,2161.0,24.0,25.0
2173,CW017SA7161,2173,2162.0,25.0,26.0
2174,CW017SA7167,2174,2163.0,26.0,27.0
