"","x"
"1","CC177SA0002"
"2","CC177SA0005"
"3","CC177SA0006"
"4","CC177SA0007"
"5","CC177SA0008"
"6","CC177SA0010"
"7","CC177SA0011"
"8","CC177SA0012"
"9","CC177SA0013"
"10","CC177SA0014"
"11","CC177SA0015"
"12","CC177SA0016"
"13","CC177SA0020"
"14","CC177SA0021"
"15","CC177SA0022"
"16","CC177SA0023"
"17","CC177SA0024"
"18","CC177SA0026"
"19","CC177SA0027"
"20","CC177SA0028"
"21","CC177SA0030"
"22","CC177SA0031"
"23","CC177SA0032"
"24","CC177SA0035"
"25","CC177SA0036"
"26","CC177SA0037"
"27","CC177SA0038"
"28","CC177SA0040"
"29","CC177SA0043"
"30","CC177SA0044"
"31","CC177SA0046"
"32","CC177SA0050"
"33","CC177SA0052"
"34","CC177SA0054"
"35","CC177SA0056"
"36","CC177SA0057"
"37","CC177SA0058"
"38","CC177SA0061"
"39","CC177SA0063"
"40","CC177SA0065"
"41","CC177SA0066"
"42","CC177SA0068"
"43","CC177SA0069"
"44","CE131SA0036"
"45","CE131SA0044"
"46","CI016SA1818"
"47","CI016SA1821"
"48","CI016SA1822"
"49","CI016SA1823"
"50","CI016SA1824"
"51","CI016SA1825"
"52","CI016SA1826"
"53","CI016SA1828"
"54","CI016SA1829"
"55","CI016SA1830"
"56","CI016SA1832"
"57","CI016SA1833"
"58","CI016SA1834"
"59","CI016SA1836"
"60","CI016SA1840"
"61","CI016SA1841"
"62","CI016SA1842"
"63","CI016SA1843"
"64","CI016SA1844"
"65","CI016SA1848"
"66","CI016SA1849"
"67","CI016SA1850"
"68","CI016SA1851"
"69","CI016SA1852"
"70","CI016SA1853"
"71","CI016SA1854"
"72","CI016SA1855"
"73","CI016SA1858"
"74","CI016SA1859"
"75","CI016SA1860"
"76","CI016SA1863"
"77","CI016SA1864"
"78","CI016SA1865"
"79","CI016SA1866"
"80","CI016SA1868"
"81","CI016SA1869"
"82","CI016SA1870"
"83","CI016SA1871"
"84","CI016SA1872"
"85","CI016SA1873"
"86","CI016SA1874"
"87","CI016SA1876"
"88","CI016SA1878"
"89","CI016SA1880"
"90","CI016SA1881"
"91","CI016SA1882"
"92","CI016SA1883"
"93","CI016SA1884"
"94","CI016SA1885"
"95","CI016SA1886"
"96","CI016SA1888"
"97","CK002SA0642"
"98","CK183SA0079"
"99","CK183SA0081"
"100","CK183SA0087"
"101","CK183SA0088"
"102","CK183SA0140"
"103","CK183SA0141"
"104","CK183SA0142"
"105","CK183SA0144"
"106","CK183SA0145"
"107","CK183SA0146"
"108","CK183SA0147"
"109","CK183SA0148"
"110","CK183SA0149"
"111","CK183SA0150"
"112","CK183SA0151"
"113","CK183SA0152"
"114","CK183SA0154"
"115","CK183SA0155"
"116","CK183SA0156"
"117","CK183SA0157"
"118","CK183SA0158"
"119","CK183SA0163"
"120","CK183SA0164"
"121","CK183SA0165"
"122","CK183SA0167"
"123","CK183SA0168"
"124","CK183SA0169"
"125","CK183SA0171"
"126","CK183SA0174"
"127","CK183SA0175"
"128","CK183SA0176"
"129","CK183SA0177"
"130","CK183SA0178"
"131","CK183SA0179"
"132","CK183SA0180"
"133","CK183SA0181"
"134","CK183SA0182"
"135","CK183SA0187"
"136","CK183SA0189"
"137","CK183SA0190"
"138","CK183SA0191"
"139","CK183SA0192"
"140","CK183SA0194"
"141","CK183SA0197"
"142","CK183SA0198"
"143","CK183SA0200"
"144","CK183SA0201"
"145","CK183SA0204"
"146","CK183SA0205"
"147","CK183SA0206"
"148","CK183SA0207"
"149","CK183SA0209"
"150","CK183SA0211"
"151","CK183SA0212"
"152","CK183SA0215"
"153","CK183SA0263"
"154","CK183SA0273"
"155","CK183SA0278"
"156","CK183SA0283"
"157","CK183SA0306"
"158","CK183SA0307"
"159","CK183SA0312"
"160","CK183SA0332"
"161","CK183SA0347"
"162","CK183SA0357"
"163","CK183SA0360"
"164","CK183SA0361"
"165","CK183SA0363"
"166","CK183SA0371"
"167","CK183SA0375"
"168","CK183SA0378"
"169","CK183SA0461"
"170","CK183SA0482"
"171","CK183SA0513"
"172","CK183SA0584"
"173","CK183SA0585"
"174","CK183SA0587"
"175","CK183SA0588"
"176","CK183SA0590"
"177","CK183SA0591"
"178","CK183SA0592"
"179","CK183SA0600"
"180","CK183SA0601"
"181","CK183SA0602"
"182","CK183SA0603"
"183","CK183SA0605"
"184","CK183SA0608"
"185","CK183SA0609"
"186","CK183SA0610"
"187","CK183SA0613"
"188","CK183SA0616"
"189","CK183SA0617"
"190","CL049SA0020"
"191","CM002SA0356"
"192","CM237SA0001"
"193","CM237SA0002"
"194","CM237SA0003"
"195","CM237SA0004"
"196","CM237SA0005"
"197","CM237SA0006"
"198","CM237SA0008"
"199","CM237SA0009"
"200","CM237SA0010"
"201","CM237SA0011"
"202","CM237SA0012"
"203","CM237SA0013"
"204","CM237SA0014"
"205","CM237SA0015"
"206","CM237SA0016"
"207","CM237SA0017"
"208","CM237SA0018"
"209","CM237SA0019"
"210","CM237SA0020"
"211","CM237SA0023"
"212","CM237SA0025"
"213","CM237SA0026"
"214","CM237SA0028"
"215","CM237SA0029"
"216","CM237SA0032"
"217","CM237SA0037"
"218","CM237SA0038"
"219","CM237SA0039"
"220","CM237SA0040"
"221","CM237SA0041"
"222","CM237SA0042"
"223","CM237SA0043"
"224","CM237SA0044"
"225","CM237SA0045"
"226","CM237SA0046"
"227","CM237SA0048"
"228","CM237SA0050"
"229","CM237SA0051"
"230","CM237SA0052"
"231","CM237SA0054"
"232","CM237SA0055"
"233","CM237SA0056"
"234","CM237SA0057"
"235","CM237SA0058"
"236","CM237SA0059"
"237","CM237SA0060"
"238","CM237SA0061"
"239","CM237SA0062"
"240","CM237SA0065"
"241","CM237SA0066"
"242","CM237SA0068"
"243","CM237SA0069"
"244","CM237SA0072"
"245","CM237SA0074"
"246","CM237SA0077"
"247","CM237SA0079"
"248","CM237SA0080"
"249","CM237SA0081"
"250","CM237SA0082"
"251","CM237SA0083"
"252","CM237SA0085"
"253","CM237SA0086"
"254","CM237SA0090"
"255","CM237SA0091"
"256","CM237SA0092"
"257","CM237SA0093"
"258","CM237SA0094"
"259","CM237SA0095"
"260","CM237SA0096"
"261","CM237SA0097"
"262","CM237SA0101"
"263","CM237SA0102"
"264","CM237SA0103"
"265","CM237SA0104"
"266","CM237SA0105"
"267","CM237SA0107"
"268","CM237SA0108"
"269","CM237SA0109"
"270","CM237SA0110"
"271","CM237SA0111"
"272","CM237SA0113"
"273","CM237SA0114"
"274","CM237SA0115"
"275","CM237SA0119"
"276","CM237SA0120"
"277","CM237SA0121"
"278","CM237SA0122"
"279","CM237SA0123"
"280","CM237SA0124"
"281","CM237SA0125"
"282","CM237SA0128"
"283","CM237SA0129"
"284","CM237SA0130"
"285","CM237SA0133"
"286","CM237SA0134"
"287","CM237SA0135"
"288","CM237SA0136"
"289","CM237SA0137"
"290","CM237SA0138"
"291","CM237SA0141"
"292","CM237SA0143"
"293","CM237SA0144"
"294","CM237SA0145"
"295","CM237SA0151"
"296","CM237SA0152"
"297","CM237SA0153"
"298","CM237SA0154"
"299","CM237SA0157"
"300","CM237SA0161"
"301","CM237SA0162"
"302","CM237SA0163"
"303","CM237SA0165"
"304","CM237SA0168"
"305","CM237SA0172"
"306","CM237SA0174"
"307","CM237SA0175"
"308","CM237SA0176"
"309","CM237SA0177"
"310","CM237SA0178"
"311","CM237SA0180"
"312","CM237SA0181"
"313","CM237SA0182"
"314","CM237SA0185"
"315","CM237SA0186"
"316","CM237SA0187"
"317","CM237SA0189"
"318","CM237SA0190"
"319","CM237SA0192"
"320","CM237SA0193"
"321","CM237SA0194"
"322","CM237SA0195"
"323","CM237SA0198"
"324","CM237SA0199"
"325","CM237SA0200"
"326","CM237SA0202"
"327","CM237SA0203"
"328","CM237SA0204"
"329","CM237SA0206"
"330","CM237SA0207"
"331","CM237SA0208"
"332","CM237SA0217"
"333","CM237SA0218"
"334","CM237SA0219"
"335","CM237SA0220"
"336","CM237SA0221"
"337","CM237SA0222"
"338","CM237SA0223"
"339","CM237SA0224"
"340","CM237SA0225"
"341","CM237SA0226"
"342","CM237SA0227"
"343","CM237SA0228"
"344","CM237SA0229"
"345","CM237SA0230"
"346","CM237SA0231"
"347","CM237SA0232"
"348","CM237SA0236"
"349","CM237SA0237"
"350","CM237SA0238"
"351","CM237SA0239"
"352","CM237SA0242"
"353","CM237SA0243"
"354","CM237SA0244"
"355","CM237SA0245"
"356","CM237SA0247"
"357","CM237SA0248"
"358","CM237SA0249"
"359","CM237SA0250"
"360","CM237SA0252"
"361","CM237SA0253"
"362","CM237SA0254"
"363","CM237SA0255"
"364","CM237SA0257"
"365","CM237SA0258"
"366","CM237SA0259"
"367","CM237SA0260"
"368","CM237SA0261"
"369","CM237SA0262"
"370","CM237SA0263"
"371","CM237SA0264"
"372","CM237SA0265"
"373","CM237SA0266"
"374","CM237SA0267"
"375","CM237SA0268"
"376","CM237SA0270"
"377","CM237SA0273"
"378","CM237SA0274"
"379","CM237SA0275"
"380","CM237SA0276"
"381","CM237SA0277"
"382","CM237SA0278"
"383","CM237SA0279"
"384","CM237SA0280"
"385","CM237SA0281"
"386","CM237SA0283"
"387","CM237SA0285"
"388","CM237SA0287"
"389","CM237SA0291"
"390","CM237SA0292"
"391","CM237SA0295"
"392","CM237SA0296"
"393","CM237SA0297"
"394","CM237SA0298"
"395","CM237SA0300"
"396","CM237SA0301"
"397","CM237SA0302"
"398","CM237SA0303"
"399","CM237SA0304"
"400","CM237SA0306"
"401","CM237SA0307"
"402","CM237SA0309"
"403","CM237SA0310"
"404","CM237SA0313"
"405","CM237SA0314"
"406","CM237SA0315"
"407","CM237SA0317"
"408","CM237SA0319"
"409","CM237SA0320"
"410","CM237SA0323"
"411","CM237SA0325"
"412","CM237SA0326"
"413","CM237SA0327"
"414","CM237SA0331"
"415","CM237SA0337"
"416","CM237SA0341"
"417","CM237SA0343"
"418","CM237SA0345"
"419","CM237SA0347"
"420","CM237SA0348"
"421","CM237SA0349"
"422","CM237SA0350"
"423","CM237SA0351"
"424","CM237SA0352"
"425","CM237SA0353"
"426","CM237SA0355"
"427","CM237SA0356"
"428","CM237SA0357"
"429","CM237SA0358"
"430","CM237SA0361"
"431","CM237SA0362"
"432","CM237SA0363"
"433","CM237SA0365"
"434","CM237SA0367"
"435","CM237SA0369"
"436","CM237SA0370"
"437","CM237SA0373"
"438","CM237SA0374"
"439","CM237SA0375"
"440","CM237SA0376"
"441","CM237SA0378"
"442","CM237SA0381"
"443","CM237SA0382"
"444","CM237SA0383"
"445","CM237SA0384"
"446","CM237SA0385"
"447","CM237SA0388"
"448","CM237SA0389"
"449","CM237SA0390"
"450","CM237SA0391"
"451","CM237SA0392"
"452","CM237SA0393"
"453","CM237SA0396"
"454","CM237SA0397"
"455","CM237SA0398"
"456","CM237SA0399"
"457","CM237SA0400"
"458","CM237SA0401"
"459","CM237SA0403"
"460","CM237SA0404"
"461","CM237SA0409"
"462","CM237SA0411"
"463","CM237SA0412"
"464","CM237SA0413"
"465","CM237SA0415"
"466","CM237SA0416"
"467","CM237SA0419"
"468","CM237SA0423"
"469","CM237SA0424"
"470","CM237SA0425"
"471","CM237SA0430"
"472","CM237SA0431"
"473","CM237SA0432"
"474","CM237SA0435"
"475","CM237SA0436"
"476","CM237SA0440"
"477","CM237SA0441"
"478","CM237SA0443"
"479","CM237SA0445"
"480","CM237SA0447"
"481","CM237SA0450"
"482","CM237SA0451"
"483","CM237SA0452"
"484","CM237SA0456"
"485","CM237SA0457"
"486","CM237SA0458"
"487","CM237SA0459"
"488","CM237SA0460"
"489","CM237SA0462"
"490","CM237SA0466"
"491","CM237SA0468"
"492","CM237SA0471"
"493","CM237SA0473"
"494","CM237SA0476"
"495","CM237SA0477"
"496","CM237SA0479"
"497","CM237SA0481"
"498","CM237SA0482"
"499","CM237SA0483"
"500","CM237SA0484"
"501","CM237SA0485"
"502","CM237SA0488"
"503","CM237SA0489"
"504","CM237SA0490"
"505","CM237SA0491"
"506","CM237SA0492"
"507","CM237SA0494"
"508","CM237SA0495"
"509","CM237SA0496"
"510","CM237SA0497"
"511","CM237SA0498"
"512","CM237SA0499"
"513","CM237SA0500"
"514","CM237SA0501"
"515","CM237SA0502"
"516","CM237SA0504"
"517","CM237SA0505"
"518","CM237SA0506"
"519","CM237SA0508"
"520","CM237SA0509"
"521","CM237SA0511"
"522","CM237SA0512"
"523","CM237SA0515"
"524","CM237SA0516"
"525","CM237SA0517"
"526","CM237SA0518"
"527","CM237SA0520"
"528","CM237SA0522"
"529","CM237SA0524"
"530","CM237SA0528"
"531","CM237SA0529"
"532","CM237SA0530"
"533","CM237SA0532"
"534","CM237SA0533"
"535","CM237SA0534"
"536","CM237SA0536"
"537","CM237SA0537"
"538","CM237SA0539"
"539","CM237SA0540"
"540","CM237SA0541"
"541","CM237SA0542"
"542","CM237SA0544"
"543","CM237SA0545"
"544","CM237SA0548"
"545","CM237SA0551"
"546","CM237SA0552"
"547","CM237SA0553"
"548","CM237SA0555"
"549","CM237SA0557"
"550","CM237SA0558"
"551","CM237SA0559"
"552","CM237SA0564"
"553","CM237SA0565"
"554","CM237SA0566"
"555","CM237SA0567"
"556","CM237SA0568"
"557","CM237SA0569"
"558","CM237SA0572"
"559","CM237SA0574"
"560","CM237SA0575"
"561","CM237SA0577"
"562","CM237SA0580"
"563","CM237SA0581"
"564","CM237SA0582"
"565","CM237SA0583"
"566","CM237SA0584"
"567","CM237SA0588"
"568","CM237SA0590"
"569","CM237SA0593"
"570","CM237SA0594"
"571","CM237SA0595"
"572","CM237SA0597"
"573","CM237SA0598"
"574","CM237SA0606"
"575","CM237SA0608"
"576","CM237SA0610"
"577","CM237SA0612"
"578","CM237SA0614"
"579","CM237SA0615"
"580","CM237SA0616"
"581","CM237SA0618"
"582","CM237SA0619"
"583","CM237SA0620"
"584","CM237SA0621"
"585","CM237SA0622"
"586","CM237SA0623"
"587","CM237SA0624"
"588","CM237SA0628"
"589","CM237SA0629"
"590","CM237SA0630"
"591","CM237SA0631"
"592","CM237SA0632"
"593","CM237SA0634"
"594","CM237SA0635"
"595","CM237SA0637"
"596","CM237SA0639"
"597","CM237SA0643"
"598","CM237SA0644"
"599","CM237SA0647"
"600","CM237SA0649"
"601","CM237SA0650"
"602","CM237SA0651"
"603","CM237SA0652"
"604","CM237SA0655"
"605","CM237SA0656"
"606","CM237SA0657"
"607","CM237SA0658"
"608","CM237SA0660"
"609","CM237SA0661"
"610","CM237SA0662"
"611","CM237SA0664"
"612","CM237SA0665"
"613","CM237SA0667"
"614","CM237SA0668"
"615","CM237SA0670"
"616","CM237SA0671"
"617","CM237SA0672"
"618","CM237SA0673"
"619","CM237SA0674"
"620","CM237SA0676"
"621","CM237SA0677"
"622","CM237SA0680"
"623","CM237SA0682"
"624","CM237SA0684"
"625","CM237SA0685"
"626","CM237SA0686"
"627","CM237SA0687"
"628","CM237SA0688"
"629","CM237SA0690"
"630","CM237SA0691"
"631","CM237SA0693"
"632","CM237SA0696"
"633","CM237SA0697"
"634","CM237SA0699"
"635","CM237SA0704"
"636","CM237SA0706"
"637","CM237SA0711"
"638","CM237SA0716"
"639","CM237SA0717"
"640","CM237SA0718"
"641","CM237SA0719"
"642","CM237SA0721"
"643","CM237SA0722"
"644","CM237SA0724"
"645","CM237SA0725"
"646","CM237SA0726"
"647","CM237SA0727"
"648","CM237SA0729"
"649","CM237SA0730"
"650","CM237SA0734"
"651","CM237SA0735"
"652","CM237SA0736"
"653","CM237SA0738"
"654","CM237SA0739"
"655","CM237SA0740"
"656","CM237SA0741"
"657","CM237SA0744"
"658","CM237SA0746"
"659","CM237SA0751"
"660","CM237SA0752"
"661","CM237SA0755"
"662","CM237SA0758"
"663","CM237SA0759"
"664","CM237SA0761"
"665","CM237SA0762"
"666","CM237SA0763"
"667","CM237SA0764"
"668","CM237SA0765"
"669","CM237SA0767"
"670","CM237SA0768"
"671","CM237SA0769"
"672","CM237SA0770"
"673","CM237SA0771"
"674","CM237SA0779"
"675","CM237SA0782"
"676","CM237SA0787"
"677","CM237SA0789"
"678","CM237SA0790"
"679","CM237SA0792"
"680","CM237SA0793"
"681","CM237SA0798"
"682","CM237SA0799"
"683","CM237SA0800"
"684","CM237SA0801"
"685","CM237SA0802"
"686","CM237SA0803"
"687","CM237SA0805"
"688","CM237SA0806"
"689","CM237SA0808"
"690","CM237SA0812"
"691","CM237SA0815"
"692","CM237SA0816"
"693","CM237SA0817"
"694","CM237SA0819"
"695","CM237SA0820"
"696","CM237SA0821"
"697","CM237SA0823"
"698","CM237SA0824"
"699","CM237SA0826"
"700","CM237SA0827"
"701","CM237SA0828"
"702","CM237SA0832"
"703","CM237SA0833"
"704","CM237SA0834"
"705","CM237SA0835"
"706","CM237SA0836"
"707","CM237SA0839"
"708","CM237SA0840"
"709","CM237SA0843"
"710","CM237SA0845"
"711","CM237SA0846"
"712","CM237SA0847"
"713","CM237SA0850"
"714","CM237SA0851"
"715","CM237SA0852"
"716","CM237SA0853"
"717","CM237SA0854"
"718","CM237SA0857"
"719","CM237SA0858"
"720","CM237SA0859"
"721","CM237SA0860"
"722","CM237SA0861"
"723","CM237SA0862"
"724","CM237SA0863"
"725","CM237SA0865"
"726","CM237SA0866"
"727","CM237SA0867"
"728","CM237SA0870"
"729","CM237SA0871"
"730","CM237SA0872"
"731","CM237SA0873"
"732","CM237SA0875"
"733","CM237SA0876"
"734","CM237SA0877"
"735","CM237SA0878"
"736","CM237SA0880"
"737","CM237SA0881"
"738","CM237SA0883"
"739","CM237SA0884"
"740","CM237SA0886"
"741","CM237SA0887"
"742","CM237SA0889"
"743","CM237SA0891"
"744","CM237SA0893"
"745","CM237SA0895"
"746","CM237SA0896"
"747","CM237SA0897"
"748","CM237SA0898"
"749","CM237SA0899"
"750","CM237SA0900"
"751","CM237SA0902"
"752","CM237SA0903"
"753","CM237SA0904"
"754","CM237SA0906"
"755","CM237SA0907"
"756","CM237SA0909"
"757","CM237SA0910"
"758","CM237SA0911"
"759","CM237SA0912"
"760","CM237SA0913"
"761","CM237SA0914"
"762","CM237SA0915"
"763","CM237SA0916"
"764","CM237SA0917"
"765","CM237SA0919"
"766","CM237SA0920"
"767","CM237SA0921"
"768","CM237SA0923"
"769","CM237SA0924"
"770","CM237SA0925"
"771","CM237SA0926"
"772","CM237SA0927"
"773","CM237SA0929"
"774","CM237SA0933"
"775","CM237SA0936"
"776","CM237SA0937"
"777","CM237SA0938"
"778","CM237SA0939"
"779","CM237SA0940"
"780","CM237SA0942"
"781","CM237SA0944"
"782","CM237SA0945"
"783","CM237SA0947"
"784","CM237SA0948"
"785","CM237SA0949"
"786","CM237SA0952"
"787","CM237SA0953"
"788","CM237SA0955"
"789","CM237SA0957"
"790","CM237SA0960"
"791","CM237SA0962"
"792","CM237SA0963"
"793","CM237SA0965"
"794","CM237SA0966"
"795","CM237SA0967"
"796","CM237SA0968"
"797","CM237SA0970"
"798","CM237SA0971"
"799","CM237SA0972"
"800","CM237SA0973"
"801","CM237SA0975"
"802","CM237SA0977"
"803","CM237SA0979"
"804","CM237SA0981"
"805","CM237SA0983"
"806","CM237SA0985"
"807","CM237SA0986"
"808","CM237SA0987"
"809","CM237SA0988"
"810","CM237SA0989"
"811","CM237SA0990"
"812","CM237SA0991"
"813","CM237SA0992"
"814","CM237SA0993"
"815","CM237SA0995"
"816","CM237SA0996"
"817","CM237SA0997"
"818","CM237SA0998"
"819","CM237SA0999"
"820","CM237SA1000"
"821","CM237SA1001"
"822","CM237SA1003"
"823","CM237SA1004"
"824","CM237SA1007"
"825","CM237SA1008"
"826","CM237SA1009"
"827","CM237SA1010"
"828","CM237SA1011"
"829","CM237SA1012"
"830","CM237SA1013"
"831","CM237SA1014"
"832","CM237SA1016"
"833","CM237SA1020"
"834","CM237SA1021"
"835","CM237SA1023"
"836","CM237SA1024"
"837","CM237SA1025"
"838","CM237SA1027"
"839","CM237SA1032"
"840","CM237SA1036"
"841","CM237SA1038"
"842","CM237SA1040"
"843","CM237SA1042"
"844","CM237SA1044"
"845","CM237SA1046"
"846","CM237SA1047"
"847","CM237SA1048"
"848","CM237SA1052"
"849","CM237SA1053"
"850","CM237SA1054"
"851","CM237SA1056"
"852","CM237SA1057"
"853","CM237SA1058"
"854","CM237SA1059"
"855","CM237SA1060"
"856","CM237SA1062"
"857","CM237SA1063"
"858","CM237SA1064"
"859","CM237SA1065"
"860","CM237SA1070"
"861","CM237SA1071"
"862","CM237SA1076"
"863","CM237SA1079"
"864","CM237SA1083"
"865","CM237SA1084"
"866","CM237SA1085"
"867","CM237SA1086"
"868","CM237SA1089"
"869","CM237SA1095"
"870","CM237SA1096"
"871","CM237SA1097"
"872","CM237SA1102"
"873","CM237SA1104"
"874","CM237SA1105"
"875","CM237SA1106"
"876","CM237SA1107"
"877","CM237SA1109"
"878","CM237SA1111"
"879","CM237SA1113"
"880","CM237SA1117"
"881","CM237SA1119"
"882","CM237SA1120"
"883","CM237SA1122"
"884","CM237SA1124"
"885","CM237SA1128"
"886","CM237SA1130"
"887","CM237SA1131"
"888","CM237SA1132"
"889","CM237SA1134"
"890","CM237SA1136"
"891","CM237SA1142"
"892","CM237SA1143"
"893","CM237SA1144"
"894","CM237SA1145"
"895","CM237SA1146"
"896","CM237SA1147"
"897","CM237SA1148"
"898","CM237SA1150"
"899","CM237SA1151"
"900","CM237SA1154"
"901","CM237SA1156"
"902","CM237SA1157"
"903","CM237SA1158"
"904","CM237SA1159"
"905","CM237SA1160"
"906","CM237SA1161"
"907","CM237SA1162"
"908","CM237SA1163"
"909","CM237SA1164"
"910","CM237SA1167"
"911","CM237SA1168"
"912","CM237SA1170"
"913","CM237SA1171"
"914","CM237SA1172"
"915","CM237SA1173"
"916","CM237SA1174"
"917","CM237SA1175"
"918","CM237SA1176"
"919","CM237SA1177"
"920","CM237SA1178"
"921","CM237SA1180"
"922","CM237SA1181"
"923","CM237SA1183"
"924","CM237SA1184"
"925","CM237SA1185"
"926","CM237SA1187"
"927","CM237SA1189"
"928","CM237SA1191"
"929","CM237SA1192"
"930","CM237SA1193"
"931","CM237SA1194"
"932","CM237SA1195"
"933","CM237SA1196"
"934","CM237SA1198"
"935","CM237SA1199"
"936","CM237SA1201"
"937","CM237SA1205"
"938","CM237SA1206"
"939","CM237SA1208"
"940","CM237SA1209"
"941","CM237SA1210"
"942","CM237SA1214"
"943","CM237SA1215"
"944","CM237SA1216"
"945","CM237SA1218"
"946","CM237SA1221"
"947","CM237SA1222"
"948","CS218SA0009"
"949","CS218SA0011"
"950","CS218SA0012"
"951","CS218SA0014"
"952","CS218SA0015"
"953","CS218SA0017"
"954","CS218SA0018"
"955","CS218SA0020"
"956","CS218SA0021"
"957","CS218SA0023"
"958","CS218SA0024"
"959","CS218SA0026"
"960","CS218SA0028"
"961","CS218SA0029"
"962","CS218SA0030"
"963","CS218SA0037"
"964","CS218SA0038"
"965","CS218SA0041"
"966","CS218SA0043"
"967","CS218SA0044"
"968","CS218SA0045"
"969","CS218SA0046"
"970","CS218SA0047"
"971","CS218SA0048"
"972","CS218SA0055"
"973","CS218SA0056"
"974","CS218SA0057"
"975","CS218SA0058"
"976","CS218SA0067"
"977","CS218SA0068"
"978","CS218SA0069"
"979","CS218SA0070"
"980","CS218SA0071"
"981","CS218SA0075"
"982","CS218SA0076"
"983","CS218SA0078"
"984","CS218SA0079"
"985","CS218SA0080"
"986","CS218SA0082"
"987","CS218SA0083"
"988","CS218SA0085"
"989","CS218SA0086"
"990","CS218SA0100"
"991","CS218SA0102"
"992","CS218SA0104"
"993","CS218SA0106"
"994","CS218SA0108"
"995","CS218SA0109"
"996","CS218SA0111"
"997","CS218SA0112"
"998","CS218SA0116"
"999","CS218SA0117"
"1000","CS218SA0118"
"1001","CS218SA0119"
"1002","CS218SA0121"
"1003","CS218SA0122"
"1004","CS218SA0123"
"1005","CS218SA0124"
"1006","CS218SA0125"
"1007","CS218SA0127"
"1008","CS218SA0131"
"1009","CS218SA0133"
"1010","CS218SA0134"
"1011","CS218SA0135"
"1012","CS218SA0137"
"1013","CS218SA0139"
"1014","CS218SA0140"
"1015","CS218SA0143"
"1016","CS218SA0144"
"1017","CS218SA0146"
"1018","CS218SA0147"
"1019","CS218SA0148"
"1020","CS218SA0149"
"1021","CS218SA0150"
"1022","CS218SA0152"
"1023","CS218SA0153"
"1024","CS218SA0154"
"1025","CS218SA0155"
"1026","CS218SA0158"
"1027","CS218SA0159"
"1028","CS218SA0161"
"1029","CS218SA0163"
"1030","CS218SA0164"
"1031","CS218SA0165"
"1032","CS218SA0166"
"1033","CS218SA0167"
"1034","CS218SA0168"
"1035","CS218SA0171"
"1036","CS218SA0173"
"1037","CS218SA0174"
"1038","CS218SA0175"
"1039","CS218SA0176"
"1040","CS218SA0177"
"1041","CS218SA0178"
"1042","CS218SA0179"
"1043","CS218SA0180"
"1044","CS218SA0181"
"1045","CS218SA0183"
"1046","CS218SA0184"
"1047","CS218SA0185"
"1048","CS242SA0001"
"1049","CV002SA1214"
"1050","CV002SA1216"
"1051","CV002SA1218"
"1052","CI020SA0206"
"1053","CI020SA0207"
"1054","CI020SA0208"
"1055","CI020SA0209"
"1056","CI020SA0210"
"1057","CI020SA0211"
"1058","CI020SA0212"
"1059","CI020SA0213"
"1060","CI020SA0214"
"1061","CI020SA0216"
"1062","CI020SA0217"
"1063","CI020SA0219"
"1064","CI020SA0221"
"1065","CI020SA0222"
"1066","CI020SA0223"
"1067","CI020SA0224"
"1068","CI020SA0225"
"1069","CI020SA0226"
"1070","CI020SA0227"
"1071","CI020SA0228"
"1072","CI139SA0001"
"1073","CI139SA0002"
"1074","CI139SA0003"
"1075","CI139SA0004"
"1076","CI139SA0005"
"1077","CI139SA0007"
"1078","CI139SA0008"
"1079","CI139SA0009"
"1080","CI139SA0010"
"1081","CI139SA0011"
"1082","CI139SA0012"
"1083","CI139SA0014"
"1084","CI139SA0016"
"1085","CI139SA0017"
"1086","CI139SA0018"
"1087","CI139SA0019"
"1088","CI139SA0021"
"1089","CI139SA0022"
"1090","CI139SA0023"
"1091","CI139SA0024"
"1092","CI139SA0025"
"1093","CI139SA0028"
"1094","CI139SA0030"
"1095","CI139SA0033"
"1096","CI139SA0035"
"1097","CI139SA0038"
"1098","CI139SA0039"
"1099","CI139SA0040"
"1100","CI139SA0041"
"1101","CI139SA0042"
"1102","CI139SA0044"
"1103","CI139SA0045"
"1104","CI139SA0046"
"1105","CI139SA0047"
"1106","CI139SA0048"
"1107","CI139SA0050"
"1108","CI139SA0051"
"1109","CI139SA0052"
"1110","CI139SA0053"
"1111","CI139SA0054"
"1112","CI139SA0055"
"1113","CI139SA0056"
"1114","CI139SA0059"
"1115","CI139SA0060"
"1116","CI139SA0013"
"1117","CI139SA0029"
"1118","CM237SA0021"
"1119","CM237SA0027"
"1120","CM237SA0031"
"1121","CM237SA0213"
"1122","CM237SA0379"
"1123","CM237SA0428"
"1124","CM237SA0474"
"1125","CM237SA0579"
"1126","CM237SA0047"
"1127","CM237SA0049"
"1128","CM237SA0053"
"1129","CM237SA0073"
"1130","CM237SA0075"
"1131","CM237SA0087"
"1132","CM237SA0099"
"1133","CM237SA0100"
"1134","CM237SA0116"
"1135","CM237SA0117"
"1136","CM237SA0127"
"1137","CM237SA0132"
"1138","CM237SA0148"
"1139","CM237SA0156"
"1140","CM237SA0164"
"1141","CM237SA0166"
"1142","CM237SA0183"
"1143","CM237SA0184"
"1144","CM237SA0188"
"1145","CM237SA0212"
"1146","CM237SA0240"
"1147","CM237SA0246"
"1148","CM237SA0290"
"1149","CM237SA0305"
"1150","CM237SA0339"
"1151","CM237SA0342"
"1152","CM237SA0344"
"1153","CM237SA0346"
"1154","CM237SA0360"
"1155","CM237SA0386"
"1156","CM237SA0387"
"1157","CM237SA0394"
"1158","CM237SA0408"
"1159","CM237SA0418"
"1160","CM237SA0422"
"1161","CM237SA0433"
"1162","CM237SA0444"
"1163","CM237SA0453"
"1164","CM237SA0454"
"1165","CM237SA0465"
"1166","CM237SA0480"
"1167","CM237SA0493"
"1168","CM237SA0526"
"1169","CM237SA0527"
"1170","CM237SA0543"
"1171","CM237SA0554"
"1172","CM237SA0563"
"1173","CM237SA0587"
"1174","CI016SA1831"
"1175","CI016SA1839"
"1176","CI016SA1861"
"1177","CI016SA1862"
"1178","CI016SA1867"
"1179","CI016SA1879"
"1180","CI016SA1889"
"1181","CC177SA0018"
"1182","CC177SA0025"
"1183","CC177SA0051"
"1184","CC177SA0070"
"1185","CE131SA0037"
"1186","CE131SA0039"
"1187","CE131SA0041"
"1188","CE131SA0042"
"1189","CE131SA0043"
"1190","CG104SA0004"
"1191","CG117SA0002"
"1192","CG117SA0003"
"1193","CG117SA0004"
"1194","CG117SA0006"
"1195","CG117SA0007"
"1196","CG117SA0008"
"1197","CG117SA0009"
"1198","CI139SA0061"
"1199","CI139SA0062"
"1200","CI139SA0063"
"1201","CI139SA0064"
"1202","CI139SA0065"
"1203","CI139SA0066"
"1204","CI139SA0067"
"1205","CI139SA0068"
"1206","CI139SA0069"
"1207","CI139SA0070"
"1208","CI139SA0071"
"1209","CI139SA0072"
"1210","CI139SA0073"
"1211","CI139SA0075"
"1212","CI139SA0076"
"1213","CI139SA0079"
"1214","CI139SA0080"
"1215","CI139SA0081"
"1216","CI139SA0082"
"1217","CI139SA0083"
"1218","CI139SA0084"
"1219","CI139SA0085"
"1220","CI139SA0086"
"1221","CI139SA0087"
"1222","CI139SA0088"
"1223","CI139SA0089"
"1224","CI139SA0090"
"1225","CI139SA0091"
"1226","CI139SA0092"
"1227","CI139SA0098"
"1228","CI139SA0100"
"1229","CI139SA0101"
"1230","CI139SA0102"
"1231","CI139SA0103"
"1232","CI139SA0104"
"1233","CI139SA0105"
"1234","CI139SA0106"
"1235","CI139SA0107"
"1236","CI139SA0109"
"1237","CI139SA0111"
"1238","CI139SA0112"
"1239","CI139SA0114"
"1240","CI139SA0115"
"1241","CI139SA0117"
"1242","CI139SA0119"
"1243","CI139SA0120"
"1244","CI139SA0121"
"1245","CI139SA0122"
"1246","CI139SA0123"
"1247","CI139SA0124"
"1248","CI139SA0125"
"1249","CI139SA0126"
"1250","CI139SA0127"
"1251","CI139SA0128"
"1252","CI139SA0129"
"1253","CI139SA0131"
"1254","CI139SA0133"
"1255","CI139SA0135"
"1256","CI139SA0137"
"1257","CI139SA0138"
"1258","CI139SA0139"
"1259","CI139SA0140"
"1260","CI139SA0141"
"1261","CI139SA0142"
"1262","CI139SA0143"
"1263","CI139SA0144"
"1264","CI139SA0145"
"1265","CI139SA0146"
"1266","CI139SA0147"
"1267","CI139SA0149"
"1268","CI139SA0152"
"1269","CI139SA0153"
"1270","CI139SA0154"
"1271","CI139SA0155"
"1272","CI139SA0156"
"1273","CI139SA0157"
"1274","CI139SA0158"
"1275","CI139SA0159"
"1276","CI139SA0160"
"1277","CI139SA0162"
"1278","CI139SA0163"
"1279","CI139SA0164"
"1280","CI139SA0165"
"1281","CI139SA0166"
"1282","CI139SA0167"
"1283","CI139SA0168"
"1284","CI139SA0169"
"1285","CI139SA0170"
"1286","CI139SA0171"
"1287","CI139SA0172"
"1288","CI139SA0173"
"1289","CI139SA0174"
"1290","CI139SA0176"
"1291","CI139SA0177"
"1292","CI139SA0178"
"1293","CI139SA0180"
"1294","CK183SA0044"
"1295","CK183SA0075"
"1296","CK183SA0105"
"1297","CK183SA0130"
"1298","CK183SA0132"
"1299","CK183SA0143"
"1300","CK183SA0159"
"1301","CK183SA0161"
"1302","CK183SA0166"
"1303","CK183SA0170"
"1304","CK183SA0183"
"1305","CK183SA0188"
"1306","CK183SA0195"
"1307","CK183SA0196"
"1308","CK183SA0203"
"1309","CK183SA0214"
"1310","CK183SA0260"
"1311","CK183SA0261"
"1312","CK183SA0271"
"1313","CK183SA0276"
"1314","CK183SA0311"
"1315","CK183SA0373"
"1316","CK183SA0577"
"1317","CK183SA0579"
"1318","CK183SA0586"
"1319","CK183SA0595"
"1320","CM002SA0358"
"1321","CM237SA0607"
"1322","CM237SA0648"
"1323","CM237SA0659"
"1324","CM237SA0679"
"1325","CM237SA0705"
"1326","CM237SA0723"
"1327","CM237SA0731"
"1328","CM237SA0737"
"1329","CM237SA0743"
"1330","CM237SA0753"
"1331","CM237SA0829"
"1332","CM237SA0830"
"1333","CM237SA0844"
"1334","CM237SA0869"
"1335","CM237SA0874"
"1336","CM237SA0892"
"1337","CM237SA0894"
"1338","CM237SA0901"
"1339","CM237SA0905"
"1340","CM237SA0922"
"1341","CM237SA0931"
"1342","CM237SA0932"
"1343","CM237SA0950"
"1344","CM237SA0951"
"1345","CM237SA0958"
"1346","CM237SA0964"
"1347","CM237SA0978"
"1348","CM237SA1019"
"1349","CM237SA1028"
"1350","CM237SA1039"
"1351","CM237SA1066"
"1352","CM237SA1068"
"1353","CM237SA1077"
"1354","CM237SA1088"
"1355","CM237SA1092"
"1356","CM237SA1098"
"1357","CM237SA1108"
"1358","CM237SA1112"
"1359","CM237SA1126"
"1360","CM237SA1138"
"1361","CM237SA1152"
"1362","CM237SA1211"
"1363","CM237SA1213"
"1364","CS218SA0004"
"1365","CS218SA0005"
"1366","CS218SA0006"
"1367","CS218SA0010"
"1368","CS218SA0053"
"1369","CS218SA0063"
"1370","CS218SA0064"
"1371","CS218SA0065"
"1372","CS218SA0066"
"1373","CS218SA0072"
"1374","CS218SA0077"
"1375","CS218SA0098"
"1376","CS218SA0110"
"1377","CS218SA0126"
"1378","CS218SA0128"
"1379","CS218SA0129"
"1380","CS218SA0132"
"1381","CS218SA0162"
"1382","CS218SA0182"
"1383","CV002SA1219"
"1384","CV002SA1220"
